tag,fault_type,severity,omega_step,load_profile,seed,rms_r_iq_ss,maxabs_r_iq_ss,mean_r_iq_ss,std_r_iq_ss,rms_r_id_ss,maxabs_r_id_ss,mean_r_id_ss,std_r_id_ss,rms_r_om_ss,maxabs_r_om_ss,rms_r_iq_tr,maxabs_r_iq_tr,energy_r_iq_tr,fdom_r_iq_tr,fratio_r_iq_tr,rms_r_id_tr,maxabs_r_id_tr,energy_r_id_tr,fdom_r_id_tr,fratio_r_id_tr
20260301_204447_w40_lp0_seed0_healthy_r0,healthy,0.0,40.0,0,0,0.010027122791990849,0.03633563436993903,2.0304656491586835e-05,0.010027102233775575,0.010010820718744923,0.04852117653180117,0.00010023849700588572,0.010010318861383517,0.009982570427804672,0.03852020171941817,0.01004238961653435,0.03992961068105805,0.20169917842055385,41700.0,0.0032500334686951533,0.010181983200988485,0.037029384983912526,0.20734556381042343,15900.0,0.0028734950742802822
20260301_204447_w40_lp0_seed0_healthy_r1,healthy,0.0,40.0,0,0,0.00999102450226232,0.03786780301309145,-0.00016684970125237895,0.00998963121351324,0.009727897688314557,0.04403334062542879,0.00013973796723125385,0.00972689399216573,0.010008588860473037,0.03509791972238219,0.009957792292358698,0.033603293576007776,0.19831525467551658,47950.0,0.0026346846925532474,0.0098708461248599,0.036444821321153086,0.19486720644132338,750.0,0.0031275571120317792
20260301_204447_w40_lp0_seed0_healthy_r2,healthy,0.0,40.0,0,0,0.009992599960675074,0.04498193698573516,-0.00010314922438967633,0.00999206756440284,0.009770876928893288,0.03769165771418794,0.00019539075596020257,0.009768923093773666,0.010083768057452586,0.038773379083199444,0.0098370285934879,0.03263150883709276,0.19353426309819707,20900.0,0.003175037057689728,0.01006266207071666,0.032849952874481794,0.20251433589887938,19000.0,0.00284474476362126
20260301_204447_w40_lp0_seed0_rs_drift_p02,rs_drift,0.02,40.0,0,0,0.010301013289873547,0.03853498386368459,-0.0022253850258910535,0.010057760003335301,0.010985595388449745,0.0533341130204056,-0.004531521535931266,0.010007428171519367,0.15666129939025863,0.20125270859664468,0.024138748696957958,0.06500500680352195,1.1653583773097789,50.0,0.025648099751912366,0.012443068010736994,0.03997068806638279,0.30965988303965264,50.0,0.0069769553267105405
20260301_204447_w40_lp0_seed0_rs_drift_p05,rs_drift,0.05,40.0,0,0,0.011622489121752214,0.04183099547815683,-0.005590574434191765,0.010189589338192681,0.015247076326690043,0.060567544024900374,-0.011494291562504208,0.01001771420974149,0.39070086867244513,0.4524036101994575,0.055865448678129696,0.11704322678704138,6.241896712017486,50.0,0.061402324802742624,0.020347900721076926,0.051891393154349666,0.8280741275096057,50.0,0.016235742930946324
20260301_204447_w40_lp0_seed0_rs_drift_p08,rs_drift,0.08,40.0,0,0,0.013737968553998904,0.04512337988642878,-0.008951679969781043,0.010421094266404252,0.021029480001077926,0.06781782179020797,-0.018475219302495918,0.010045163056935345,0.6249840856434026,0.7040830904995055,0.08827335103565218,0.16924574267145687,15.58436900612695,50.0,0.09270593504368718,0.029841239458967533,0.0661430648762926,1.7809991448948816,50.0,0.025056346725839097
20260301_204447_w40_lp0_seed0_rs_drift_p10,rs_drift,0.1,40.0,0,0,0.015432775630443702,0.04806996893883797,-0.011190107948570529,0.010627890089709982,0.02523659361336179,0.0726607081756154,-0.023139259505224892,0.010072751697318492,0.7812451373556073,0.8722463145634656,0.10984913450317049,0.20454105918478138,24.133664702191282,50.0,0.11148716177008508,0.03644039385216022,0.07559107294174555,2.6558046082011124,50.0,0.03068999478414328
20260301_204447_w40_lp0_seed0_rs_drift_p15,rs_drift,0.15,40.0,0,0,0.02023485574169158,0.05613655290720754,-0.01677791248821283,0.011311544519867328,0.03628972720106441,0.08480074969723346,-0.03483467174835151,0.010173000762423813,1.1721150561030895,1.294002272945317,0.16344011040011552,0.2908445741108756,53.4253393752039,50.0,0.15235503620810253,0.053259205766749806,0.09902301014522066,5.6730859978099915,50.0,0.04397035337688615
20260301_204447_w40_lp0_seed0_rs_drift_p20,rs_drift,0.2,40.0,0,0,0.025466381073641044,0.06469027260565152,-0.02235358082711341,0.012200573314136131,0.04770908366898413,0.09698775095091089,-0.04658053247336409,0.01031555422805781,1.5632822666131758,1.7159562323370885,0.21644234593316622,0.3747047776841783,93.6945782261048,50.0,0.18635807605269777,0.07022415400564386,0.12218310485019014,9.862863611616772,50.0,0.05620936045786686
20260301_204447_w40_lp0_seed0_rs_drift_p30,rs_drift,0.3,40.0,0,0,0.03644837045594433,0.0817290930021195,-0.033466789519129965,0.014438064557827974,0.07103629369963117,0.12150296879280317,-0.07022361614618174,0.010714418226575989,2.3465019776950076,2.5628786204418503,0.32062784388910637,0.5363170827238588,205.60442855395434,50.0,0.23967261063673342,0.10414671976874008,0.16767616197367888,21.69307847717695,50.0,0.07803443459754009
20260301_204447_w40_lp0_seed0_rs_drift_p40,rs_drift,0.4,40.0,0,0,0.04769125242755137,0.09866454389755086,-0.04452619147361192,0.017084315349573522,0.09473793350216683,0.14620704336158327,-0.09406857259410126,0.011241872369373608,3.130919058494345,3.411504370774111,0.42246920521878284,0.689527329583314,356.9604587163801,50.0,0.27951085223649136,0.13786680130224194,0.21205516813021197,38.01450980262372,50.0,0.09695683294411599
20260301_204447_w40_lp0_seed0_ld_mismatch_m20,ld_mismatch,-0.2,40.0,0,0,0.010027122791990849,0.03633563436993903,2.0304656491586835e-05,0.010027102233775575,0.010010820718744923,0.04852117653180117,0.00010023849700588572,0.010010318861383517,0.009982570427804672,0.03852020171941817,0.01004238961653435,0.03992961068105805,0.20169917842055385,41700.0,0.0032500334686951533,0.010181983200988485,0.037029384983912526,0.20734556381042343,15900.0,0.0028734950742802822
20260301_204447_w40_lp0_seed0_ld_mismatch_m10,ld_mismatch,-0.1,40.0,0,0,0.010027122791990849,0.03633563436993903,2.0304656491586835e-05,0.010027102233775575,0.010010820718744923,0.04852117653180117,0.00010023849700588572,0.010010318861383517,0.009982570427804672,0.03852020171941817,0.01004238961653435,0.03992961068105805,0.20169917842055385,41700.0,0.0032500334686951533,0.010181983200988485,0.037029384983912526,0.20734556381042343,15900.0,0.0028734950742802822
20260301_204447_w40_lp0_seed0_ld_mismatch_m05,ld_mismatch,-0.05,40.0,0,0,0.010027122791990849,0.03633563436993903,2.0304656491586835e-05,0.010027102233775575,0.010010820718744923,0.04852117653180117,0.00010023849700588572,0.010010318861383517,0.009982570427804672,0.03852020171941817,0.01004238961653435,0.03992961068105805,0.20169917842055385,41700.0,0.0032500334686951533,0.010181983200988485,0.037029384983912526,0.20734556381042343,15900.0,0.0028734950742802822
20260301_204447_w40_lp0_seed0_ld_mismatch_p05,ld_mismatch,0.05,40.0,0,0,0.010027122791990849,0.03633563436993903,2.0304656491586835e-05,0.010027102233775575,0.010010820718744923,0.04852117653180117,0.00010023849700588572,0.010010318861383517,0.009982570427804672,0.03852020171941817,0.01004238961653435,0.03992961068105805,0.20169917842055385,41700.0,0.0032500334686951533,0.010181983200988485,0.037029384983912526,0.20734556381042343,15900.0,0.0028734950742802822
20260301_204447_w40_lp0_seed0_ld_mismatch_p10,ld_mismatch,0.1,40.0,0,0,0.010027122791990849,0.03633563436993903,2.0304656491586835e-05,0.010027102233775575,0.010010820718744923,0.04852117653180117,0.00010023849700588572,0.010010318861383517,0.009982570427804672,0.03852020171941817,0.01004238961653435,0.03992961068105805,0.20169917842055385,41700.0,0.0032500334686951533,0.010181983200988485,0.037029384983912526,0.20734556381042343,15900.0,0.0028734950742802822
20260301_204447_w40_lp0_seed0_ld_mismatch_p20,ld_mismatch,0.2,40.0,0,0,0.010027122791990849,0.03633563436993903,2.0304656491586835e-05,0.010027102233775575,0.010010820718744923,0.04852117653180117,0.00010023849700588572,0.010010318861383517,0.009982570427804672,0.03852020171941817,0.01004238961653435,0.03992961068105805,0.20169917842055385,41700.0,0.0032500334686951533,0.010181983200988485,0.037029384983912526,0.20734556381042343,15900.0,0.0028734950742802822
20260301_204447_w40_lp0_seed1_healthy_r0,healthy,0.0,40.0,0,1,0.010094747856908767,0.038319813752010656,0.00017799970084446084,0.010093178409255603,0.010084278623424103,0.040416804391360736,2.6580310636545756e-06,0.010084278273119954,0.010005248298156778,0.03717130216526954,0.009934287857370152,0.03697891858664182,0.19738015046618412,29050.0,0.003245889816031454,0.010257669121989155,0.03622574393239545,0.2104395516324195,42400.0,0.003049899119176169
20260301_204447_w40_lp0_seed1_healthy_r1,healthy,0.0,40.0,0,1,0.009824477544465407,0.035273564682882785,4.6119943448553524e-05,0.009824369291334753,0.00998895822504164,0.03925030336645486,2.0865030959076426e-05,0.0099889364334803,0.009913132671241042,0.03730294684713087,0.009963139122414887,0.03686099898996131,0.19852828234518816,27200.0,0.002836001433811284,0.010167457123732364,0.0379249662251237,0.206754368725872,23350.0,0.003408279239411068
20260301_204447_w40_lp0_seed1_healthy_r2,healthy,0.0,40.0,0,1,0.010149329760759917,0.0362045199771579,8.287964323883541e-05,0.010148991356651338,0.0099001792424854,0.04115379966466685,-1.9718196748133522e-05,0.009900159606089984,0.01000864469553692,0.047153784978320346,0.010321729056239124,0.044752763565075515,0.21307618142082202,11500.0,0.0030772397703474424,0.010079467271749163,0.03559254414800161,0.20319132096452502,36250.0,0.0028229911299771813
20260301_204447_w40_lp0_seed1_rs_drift_p02,rs_drift,0.02,40.0,0,1,0.010336857192407865,0.04045580619099454,-0.002067689981538179,0.01012794523861977,0.011102103120654142,0.04482027851204024,-0.0046291020018734965,0.010090991445734616,0.15652399140466366,0.19682046079323356,0.024252776508187305,0.06275706983583484,1.176394336712164,50.0,0.027214502420378588,0.012461721950838719,0.041899181101592735,0.3105890279600312,50.0,0.0074221119376136355
20260301_204447_w40_lp0_seed1_rs_drift_p05,rs_drift,0.05,40.0,0,1,0.011614287010204755,0.04423915478031848,-0.005432879389838891,0.010265256172686326,0.015384857929008244,0.051443452054594795,-0.01159187202844644,0.010115451367679494,0.39056237443447567,0.44811375058545977,0.05601459856295955,0.11502714578448314,6.27527050433902,50.0,0.06250569243186574,0.020316729050653036,0.05517329277773102,0.8255389586352981,50.0,0.016244656560326472
20260301_204447_w40_lp0_seed1_rs_drift_p08,rs_drift,0.08,40.0,0,1,0.01369716298547927,0.04899502006527312,-0.00879398492542817,0.010501338151974992,0.021168566338488265,0.05808819209345003,-0.018572799768438147,0.010156737152672724,0.6248453353594721,0.7020535488665942,0.08842865877672583,0.16897447387049125,15.639255386101222,50.0,0.09339659033976354,0.029788826422904938,0.06987757085184731,1.774748359307919,50.0,0.024613448961817365
20260301_204447_w40_lp0_seed1_rs_drift_p10,rs_drift,0.1,40.0,0,1,0.015376364202354088,0.052164222783793956,-0.011032412904217656,0.010710669521289884,0.025374293780851025,0.06253000576132409,-0.023236839971167125,0.010193333754533148,0.7811063088271051,0.87138334255744,0.11000554372630053,0.20445550415423375,24.202439301038034,50.0,0.11193230845722632,0.03637954150061475,0.07959015130546176,2.646942079589903,50.0,0.029958057548234836
20260301_204447_w40_lp0_seed1_rs_drift_p15,rs_drift,0.15,40.0,0,1,0.020153610597462356,0.06008187249786667,-0.016620217443859955,0.01139896452459434,0.03642343102975067,0.0736765138130814,-0.03493225221429374,0.01031523549008816,1.1719761356849687,1.2948370141513514,0.16359595136602545,0.29122729344740783,53.52727060670993,50.0,0.1523738626508261,0.053184789446070344,0.10356053639011112,5.6572436568456705,50.0,0.04256707487198039
20260301_204447_w40_lp0_seed1_rs_drift_p20,rs_drift,0.2,40.0,0,1,0.025371557474590474,0.06799088758197414,-0.022195885782760532,0.012290589204960699,0.04783968999209167,0.0848830084886496,-0.04667811293930633,0.010478058549406912,1.5631433124495606,1.7184771664006497,0.21659579251357974,0.37534590881781593,93.82747466917138,50.0,0.18607381739520365,0.07014068811051946,0.12709476499460154,9.839432257234334,50.0,0.05420502315040705
20260301_204447_w40_lp0_seed1_rs_drift_p30,rs_drift,0.3,40.0,0,1,0.03634002314830939,0.083777883895086,-0.0333090944747771,0.01452933266499314,0.07116292626368258,0.10747601531413437,-0.07032119661212397,0.010912899772715257,2.346363013941611,2.5663267912657766,0.3207747729459395,0.5361147012611873,205.79290991703806,50.0,0.23900768673605052,0.10404999445252643,0.17289480470542848,21.65280269114156,50.0,0.07500592103808962
20260301_204447_w40_lp0_seed1_rs_drift_p40,rs_drift,0.4,40.0,0,1,0.04757647668489578,0.09951475042297497,-0.04436849642925905,0.017174331380151547,0.09486215793245688,0.13185219710052,-0.09416615306004349,0.011470162399672303,3.1307801150932515,3.414952541598037,0.42260884304135676,0.6880297623530014,357.1964684335083,50.0,0.2786398790771492,0.13775959918592215,0.2170680330403889,37.955414335731845,50.0,0.0930913779522027
20260301_204447_w40_lp0_seed1_ld_mismatch_m20,ld_mismatch,-0.2,40.0,0,1,0.010094747856908767,0.038319813752010656,0.00017799970084446084,0.010093178409255603,0.010084278623424103,0.040416804391360736,2.6580310636545756e-06,0.010084278273119954,0.010005248298156778,0.03717130216526954,0.009934287857370152,0.03697891858664182,0.19738015046618412,29050.0,0.003245889816031454,0.010257669121989155,0.03622574393239545,0.2104395516324195,42400.0,0.003049899119176169
20260301_204447_w40_lp0_seed1_ld_mismatch_m10,ld_mismatch,-0.1,40.0,0,1,0.010094747856908767,0.038319813752010656,0.00017799970084446084,0.010093178409255603,0.010084278623424103,0.040416804391360736,2.6580310636545756e-06,0.010084278273119954,0.010005248298156778,0.03717130216526954,0.009934287857370152,0.03697891858664182,0.19738015046618412,29050.0,0.003245889816031454,0.010257669121989155,0.03622574393239545,0.2104395516324195,42400.0,0.003049899119176169
20260301_204447_w40_lp0_seed1_ld_mismatch_m05,ld_mismatch,-0.05,40.0,0,1,0.010094747856908767,0.038319813752010656,0.00017799970084446084,0.010093178409255603,0.010084278623424103,0.040416804391360736,2.6580310636545756e-06,0.010084278273119954,0.010005248298156778,0.03717130216526954,0.009934287857370152,0.03697891858664182,0.19738015046618412,29050.0,0.003245889816031454,0.010257669121989155,0.03622574393239545,0.2104395516324195,42400.0,0.003049899119176169
20260301_204447_w40_lp0_seed1_ld_mismatch_p05,ld_mismatch,0.05,40.0,0,1,0.010094747856908767,0.038319813752010656,0.00017799970084446084,0.010093178409255603,0.010084278623424103,0.040416804391360736,2.6580310636545756e-06,0.010084278273119954,0.010005248298156778,0.03717130216526954,0.009934287857370152,0.03697891858664182,0.19738015046618412,29050.0,0.003245889816031454,0.010257669121989155,0.03622574393239545,0.2104395516324195,42400.0,0.003049899119176169
20260301_204447_w40_lp0_seed1_ld_mismatch_p10,ld_mismatch,0.1,40.0,0,1,0.010094747856908767,0.038319813752010656,0.00017799970084446084,0.010093178409255603,0.010084278623424103,0.040416804391360736,2.6580310636545756e-06,0.010084278273119954,0.010005248298156778,0.03717130216526954,0.009934287857370152,0.03697891858664182,0.19738015046618412,29050.0,0.003245889816031454,0.010257669121989155,0.03622574393239545,0.2104395516324195,42400.0,0.003049899119176169
20260301_204447_w40_lp0_seed1_ld_mismatch_p20,ld_mismatch,0.2,40.0,0,1,0.010094747856908767,0.038319813752010656,0.00017799970084446084,0.010093178409255603,0.010084278623424103,0.040416804391360736,2.6580310636545756e-06,0.010084278273119954,0.010005248298156778,0.03717130216526954,0.009934287857370152,0.03697891858664182,0.19738015046618412,29050.0,0.003245889816031454,0.010257669121989155,0.03622574393239545,0.2104395516324195,42400.0,0.003049899119176169
20260301_204447_w40_lp0_seed2_healthy_r0,healthy,0.0,40.0,0,2,0.009879709099846035,0.03744098799620499,-6.279644167642262e-05,0.009879509527526826,0.010048244838839522,0.043012985826781584,-0.000310880844984556,0.010043434544093309,0.010095092436631571,0.04372230280360867,0.010082793466342848,0.038974881823689245,0.20332544816985207,25950.0,0.0029234582591414165,0.00996765947073919,0.03487655625203592,0.19870847064923328,34150.0,0.003217978537309062
20260301_204447_w40_lp0_seed2_healthy_r1,healthy,0.0,40.0,0,2,0.00988857902172854,0.03340358448601055,-0.00011869813309909728,0.009887866596094861,0.00994185361438834,0.03378129753407081,0.00010502838425445962,0.009941298825024193,0.0100184820034006,0.03805497172306005,0.010159684287403638,0.03853580472543072,0.2064383696394327,23950.0,0.0029119423692731106,0.010110134658149831,0.036914101176258644,0.2044296456118448,44750.0,0.0030564018405912705
20260301_204447_w40_lp0_seed2_healthy_r2,healthy,0.0,40.0,0,2,0.010195988260976029,0.04079177943091983,-6.345079455959963e-05,0.010195790828309039,0.010000512671690776,0.04023209154458696,-0.00023088300766273346,0.00999784710492316,0.009950713552554667,0.03438275836137805,0.010009494478478277,0.036487076233723936,0.20037995942937423,22950.0,0.002915348181466887,0.010173028825718923,0.038441512857362185,0.20698103097781628,44700.0,0.0029168942581474368
20260301_204447_w40_lp0_seed2_rs_drift_p02,rs_drift,0.02,40.0,0,2,0.010175907677340652,0.040844886384145074,-0.0023084861240590636,0.009910599824066514,0.011198622519321204,0.04134718302233329,-0.004942640877921707,0.01004885304311618,0.15633027643056843,0.19842624436379808,0.02411761821509608,0.06945501411654842,1.1633190167382685,50.0,0.02590567916063062,0.012174733722798039,0.042134898883727345,0.29644828244207155,50.0,0.006098032760951684
20260301_204447_w40_lp0_seed2_rs_drift_p05,rs_drift,0.05,40.0,0,2,0.011535998949370685,0.04594702932979455,-0.005673675532359773,0.010044335603382814,0.015594005144108875,0.04851215118981437,-0.01190541090449465,0.010071454097082206,0.39036483772049485,0.44834683372978645,0.05582959781937349,0.12465841151627899,6.2338879853459845,50.0,0.060164738765988726,0.02009769382318025,0.05703647469128936,0.8078345940205951,50.0,0.015371882596535453
20260301_204447_w40_lp0_seed2_rs_drift_p08,rs_drift,0.08,40.0,0,2,0.013685290931462318,0.051044347510824206,-0.009034781067949051,0.010279101076115271,0.02142255443408953,0.05569478826550009,-0.01888633864448636,0.010110986652513698,0.6246468793193002,0.701690795196459,0.08823220705962456,0.17881027397793092,15.569844725224925,50.0,0.0902740559616148,0.02961033564966544,0.07173731265669396,1.7535439545716964,50.0,0.024186314816991933
20260301_204447_w40_lp0_seed2_rs_drift_p10,rs_drift,0.1,40.0,0,2,0.015397987221208656,0.054439666203044634,-0.011273209046738538,0.010488697166618807,0.025643153310148672,0.06049303952122846,-0.023550378847215333,0.010146475636417861,0.7809075467886479,0.8706609032206529,0.10980551801149024,0.21434265249614937,24.114503571543416,50.0,0.10838957161468656,0.03621768151322184,0.08142843921667739,2.6234409083863426,50.0,0.029812631828058194
20260301_204447_w40_lp0_seed2_rs_drift_p15,rs_drift,0.15,40.0,0,2,0.020231316811646898,0.06291689899449393,-0.01686101358638084,0.011180894453178025,0.036710394180381016,0.07252310672720425,-0.03524579109034195,0.010265829303808082,1.1717769603015182,1.293373387836123,0.1633915601631461,0.3012469079900826,53.39360386509398,50.0,0.14801939026062935,0.05304777809318495,0.10528206897180184,5.628133521247586,50.0,0.043069099784463535
20260301_204447_w40_lp0_seed2_rs_drift_p20,rs_drift,0.2,40.0,0,2,0.025481790867875623,0.07137672975524723,-0.022436681925281417,0.012079609679865466,0.048134453888581404,0.08460245228236855,-0.046991651815354536,0.010426423682953592,1.5629439224510275,1.7168661780947332,0.2163896226721272,0.3855039430181977,93.64893760037116,50.0,0.18115212692574478,0.07001753422970244,0.1286156905838355,9.804910199215108,50.0,0.055279404487033196
20260301_204447_w40_lp0_seed2_rs_drift_p30,rs_drift,0.3,40.0,0,2,0.036484550906822386,0.08823647395374934,-0.033549890617297976,0.014336223158135318,0.07146437066482714,0.10890937895787123,-0.07063473548817217,0.010857735354840619,2.346163390966939,2.5644242417455985,0.3205677224065347,0.5465676023347972,205.52732929782616,50.0,0.233398423266356,0.10394247313395365,0.17379165591537968,21.60807544240535,50.0,0.07704444845469613
20260301_204447_w40_lp0_seed2_rs_drift_p40,rs_drift,0.4,40.0,0,2,0.04773828801972019,0.10500464349630256,-0.04460929257177993,0.016998681104694557,0.09516648102132498,0.1337116104004124,-0.0944796919360917,0.011412577344465945,3.1305803558110488,3.4127626843731917,0.4224023955387121,0.6984440468263093,356.84756751368525,50.0,0.2726681358586814,0.1376614274011678,0.21708561824615322,37.90133718825398,50.0,0.09590929385821742
20260301_204447_w40_lp0_seed2_ld_mismatch_m20,ld_mismatch,-0.2,40.0,0,2,0.009879709099846035,0.03744098799620499,-6.279644167642262e-05,0.009879509527526826,0.010048244838839522,0.043012985826781584,-0.000310880844984556,0.010043434544093309,0.010095092436631571,0.04372230280360867,0.010082793466342848,0.038974881823689245,0.20332544816985207,25950.0,0.0029234582591414165,0.00996765947073919,0.03487655625203592,0.19870847064923328,34150.0,0.003217978537309062
20260301_204447_w40_lp0_seed2_ld_mismatch_m10,ld_mismatch,-0.1,40.0,0,2,0.009879709099846035,0.03744098799620499,-6.279644167642262e-05,0.009879509527526826,0.010048244838839522,0.043012985826781584,-0.000310880844984556,0.010043434544093309,0.010095092436631571,0.04372230280360867,0.010082793466342848,0.038974881823689245,0.20332544816985207,25950.0,0.0029234582591414165,0.00996765947073919,0.03487655625203592,0.19870847064923328,34150.0,0.003217978537309062
20260301_204447_w40_lp0_seed2_ld_mismatch_m05,ld_mismatch,-0.05,40.0,0,2,0.009879709099846035,0.03744098799620499,-6.279644167642262e-05,0.009879509527526826,0.010048244838839522,0.043012985826781584,-0.000310880844984556,0.010043434544093309,0.010095092436631571,0.04372230280360867,0.010082793466342848,0.038974881823689245,0.20332544816985207,25950.0,0.0029234582591414165,0.00996765947073919,0.03487655625203592,0.19870847064923328,34150.0,0.003217978537309062
20260301_204447_w40_lp0_seed2_ld_mismatch_p05,ld_mismatch,0.05,40.0,0,2,0.009879709099846035,0.03744098799620499,-6.279644167642262e-05,0.009879509527526826,0.010048244838839522,0.043012985826781584,-0.000310880844984556,0.010043434544093309,0.010095092436631571,0.04372230280360867,0.010082793466342848,0.038974881823689245,0.20332544816985207,25950.0,0.0029234582591414165,0.00996765947073919,0.03487655625203592,0.19870847064923328,34150.0,0.003217978537309062
20260301_204447_w40_lp0_seed2_ld_mismatch_p10,ld_mismatch,0.1,40.0,0,2,0.009879709099846035,0.03744098799620499,-6.279644167642262e-05,0.009879509527526826,0.010048244838839522,0.043012985826781584,-0.000310880844984556,0.010043434544093309,0.010095092436631571,0.04372230280360867,0.010082793466342848,0.038974881823689245,0.20332544816985207,25950.0,0.0029234582591414165,0.00996765947073919,0.03487655625203592,0.19870847064923328,34150.0,0.003217978537309062
20260301_204447_w40_lp0_seed2_ld_mismatch_p20,ld_mismatch,0.2,40.0,0,2,0.009879709099846035,0.03744098799620499,-6.279644167642262e-05,0.009879509527526826,0.010048244838839522,0.043012985826781584,-0.000310880844984556,0.010043434544093309,0.010095092436631571,0.04372230280360867,0.010082793466342848,0.038974881823689245,0.20332544816985207,25950.0,0.0029234582591414165,0.00996765947073919,0.03487655625203592,0.19870847064923328,34150.0,0.003217978537309062
20260301_204447_w40_lp1_seed0_healthy_r0,healthy,0.0,40.0,1,0,0.010027122791990849,0.03633563436993903,2.0304656491587103e-05,0.010027102233775575,0.010010820718744923,0.04852117653180117,0.00010023849700588572,0.010010318861383517,0.009982570427804623,0.038520201719414615,0.01004238961653435,0.03992961068105805,0.20169917842055385,41700.0,0.003250033468695144,0.010181983200988485,0.037029384983912526,0.20734556381042343,15900.0,0.0028734950742802822
20260301_204447_w40_lp1_seed0_healthy_r1,healthy,0.0,40.0,1,0,0.00999102450226232,0.03786780301309145,-0.00016684970125237887,0.00998963121351324,0.009727897688314557,0.04403334062542879,0.00013973796723125385,0.00972689399216573,0.010008588860473042,0.03509791972238219,0.0099577922923587,0.033603293576007776,0.19831525467551664,47950.0,0.0026346846925532426,0.0098708461248599,0.036444821321153086,0.19486720644132338,750.0,0.0031275571120317792
20260301_204447_w40_lp1_seed0_healthy_r2,healthy,0.0,40.0,1,0,0.009992599960675074,0.04498193698573516,-0.00010314922438967607,0.00999206756440284,0.009770876928893288,0.03769165771418794,0.00019539075596020257,0.009768923093773666,0.010083768057452563,0.03877337908319589,0.009837028593487895,0.03263150883709276,0.19353426309819688,20900.0,0.0031750370576897257,0.01006266207071666,0.032849952874481794,0.20251433589887938,19000.0,0.00284474476362126
20260301_204447_w40_lp1_seed0_rs_drift_p02,rs_drift,0.02,40.0,1,0,0.01010464853033978,0.037417931635714385,-0.0011158807394161259,0.010042844820920915,0.0105042764495737,0.05186508286756608,-0.0031883175741083646,0.01000871893779121,0.13517598890720683,0.1743294454872384,0.019798324762932532,0.05810390488156214,0.7839473268370949,50.0,0.014519718222556523,0.011645325595137125,0.03853592047018288,0.2712272164335117,50.0,0.004698229300845282
20260301_204447_w40_lp1_seed0_rs_drift_p05,rs_drift,0.05,40.0,1,0,0.010490232792054988,0.039034767473902665,-0.0028142597206680096,0.01010568781707269,0.01289371889373028,0.05688835308070955,-0.0081302344209743,0.010007361049274771,0.33692223761795675,0.3838556071992727,0.04393751415426241,0.09128248548359297,3.86101030011202,50.0,0.036220589135569276,0.01720668997546026,0.047125398988643555,0.5921403598232092,50.0,0.010522684731530254
20260301_204447_w40_lp1_seed0_rs_drift_p08,rs_drift,0.08,40.0,1,0,0.011164613884887238,0.04064362721998904,-0.004505539215581391,0.010215122102817721,0.016471488583644254,0.06192051604497078,-0.013083073148345795,0.010007154098751364,0.5389802542440857,0.5936921951694956,0.06906253968188864,0.1272705553048843,9.539268774624883,50.0,0.055959760064225365,0.024296175914080065,0.056511456055042264,1.1806083280958486,50.0,0.0161594849924365
20260301_204447_w40_lp1_seed0_rs_drift_p10,rs_drift,0.1,40.0,1,0,0.011749638626438498,0.04171174478239781,-0.0056291041795125405,0.010313447240767269,0.019204647401114366,0.06528023181233854,-0.01639104643526626,0.01000760103911392,0.6737858054179937,0.7339488369125817,0.08586773995336168,0.15175250081023384,14.746537529396292,50.0,0.06815154274242947,0.02932709643037272,0.063567082077089,1.720157170072761,50.0,0.019791825557125702
20260301_204447_w40_lp1_seed0_rs_drift_p15,rs_drift,0.15,40.0,1,0,0.01357472894761384,0.04554594826437963,-0.008424134599560505,0.010644586523189746,0.026635086200657257,0.07369681359178365,-0.024682323022731295,0.010010531809948528,1.0111097589059193,1.0847840918233373,0.12775422291349675,0.21291184851532563,32.64228294446284,50.0,0.09569619978271879,0.04229824469908145,0.08104766257980456,3.5782830092467437,50.0,0.028448185871497344
20260301_204447_w40_lp1_seed0_rs_drift_p20,rs_drift,0.2,40.0,1,0,0.015761001047295966,0.05060150408446473,-0.01119927657916511,0.011089876379663948,0.03449044481553658,0.08213810128255267,-0.0330042010216033,0.010015662659014334,1.3488623952577075,1.4358991602244515,0.1693271257421206,0.2730422343513901,57.343351024175846,50.0,0.11962791925531602,0.05546898862501474,0.0983011101858549,6.1536173981640285,50.0,0.03654319644193763
20260301_204447_w40_lp1_seed0_rs_drift_p30,rs_drift,0.3,40.0,1,0,0.02071908202601399,0.06071123348460139,-0.016689717086562122,0.012277365497989065,0.05074168673968651,0.099094817221344,-0.049740373188881866,0.010030655423213365,2.0256503266743113,2.1396748433772146,0.2513858134238007,0.3890532662744153,126.38965438149185,50.0,0.15911340734075324,0.08186916141998948,0.1321253892045988,13.405119183224588,50.0,0.051273160495170216
20260301_204447_w40_lp1_seed0_rs_drift_p40,rs_drift,0.4,40.0,1,0,0.02604676963079679,0.07082902477126751,-0.022100359284170305,0.013784350826585386,0.06735479168856413,0.11615045201168271,-0.06660093447420576,0.010049054212831136,2.7041741834067174,2.8452831034868638,0.3319809888697718,0.498892510848175,220.42275394190307,50.0,0.19025589273205884,0.10810703933457966,0.1650421565437224,23.374263907376704,50.0,0.06437889917927667
20260301_204447_w40_lp1_seed0_ld_mismatch_m20,ld_mismatch,-0.2,40.0,1,0,0.010027122791990849,0.03633563436993903,2.0304656491587103e-05,0.010027102233775575,0.010010820718744923,0.04852117653180117,0.00010023849700588572,0.010010318861383517,0.009982570427804623,0.038520201719414615,0.01004238961653435,0.03992961068105805,0.20169917842055385,41700.0,0.003250033468695144,0.010181983200988485,0.037029384983912526,0.20734556381042343,15900.0,0.0028734950742802822
20260301_204447_w40_lp1_seed0_ld_mismatch_m10,ld_mismatch,-0.1,40.0,1,0,0.010027122791990849,0.03633563436993903,2.0304656491587103e-05,0.010027102233775575,0.010010820718744923,0.04852117653180117,0.00010023849700588572,0.010010318861383517,0.009982570427804623,0.038520201719414615,0.01004238961653435,0.03992961068105805,0.20169917842055385,41700.0,0.003250033468695144,0.010181983200988485,0.037029384983912526,0.20734556381042343,15900.0,0.0028734950742802822
20260301_204447_w40_lp1_seed0_ld_mismatch_m05,ld_mismatch,-0.05,40.0,1,0,0.010027122791990849,0.03633563436993903,2.0304656491587103e-05,0.010027102233775575,0.010010820718744923,0.04852117653180117,0.00010023849700588572,0.010010318861383517,0.009982570427804623,0.038520201719414615,0.01004238961653435,0.03992961068105805,0.20169917842055385,41700.0,0.003250033468695144,0.010181983200988485,0.037029384983912526,0.20734556381042343,15900.0,0.0028734950742802822
20260301_204447_w40_lp1_seed0_ld_mismatch_p05,ld_mismatch,0.05,40.0,1,0,0.010027122791990849,0.03633563436993903,2.0304656491587103e-05,0.010027102233775575,0.010010820718744923,0.04852117653180117,0.00010023849700588572,0.010010318861383517,0.009982570427804623,0.038520201719414615,0.01004238961653435,0.03992961068105805,0.20169917842055385,41700.0,0.003250033468695144,0.010181983200988485,0.037029384983912526,0.20734556381042343,15900.0,0.0028734950742802822
20260301_204447_w40_lp1_seed0_ld_mismatch_p10,ld_mismatch,0.1,40.0,1,0,0.010027122791990849,0.03633563436993903,2.0304656491587103e-05,0.010027102233775575,0.010010820718744923,0.04852117653180117,0.00010023849700588572,0.010010318861383517,0.009982570427804623,0.038520201719414615,0.01004238961653435,0.03992961068105805,0.20169917842055385,41700.0,0.003250033468695144,0.010181983200988485,0.037029384983912526,0.20734556381042343,15900.0,0.0028734950742802822
20260301_204447_w40_lp1_seed0_ld_mismatch_p20,ld_mismatch,0.2,40.0,1,0,0.010027122791990849,0.03633563436993903,2.0304656491587103e-05,0.010027102233775575,0.010010820718744923,0.04852117653180117,0.00010023849700588572,0.010010318861383517,0.009982570427804623,0.038520201719414615,0.01004238961653435,0.03992961068105805,0.20169917842055385,41700.0,0.003250033468695144,0.010181983200988485,0.037029384983912526,0.20734556381042343,15900.0,0.0028734950742802822
20260301_204447_w40_lp1_seed1_healthy_r0,healthy,0.0,40.0,1,1,0.010094747856908767,0.038319813752010656,0.0001779997008444611,0.010093178409255603,0.010084278623424103,0.040416804391360736,2.6580310636545756e-06,0.010084278273119954,0.010005248298156784,0.03717130216526954,0.009934287857370154,0.03697891858664182,0.19738015046618418,29050.0,0.00324588981603146,0.010257669121989155,0.03622574393239545,0.2104395516324195,42400.0,0.003049899119176169
20260301_204447_w40_lp1_seed1_healthy_r1,healthy,0.0,40.0,1,1,0.009824477544465407,0.035273564682882785,4.61199434485537e-05,0.009824369291334753,0.00998895822504164,0.03925030336645486,2.0865030959076426e-05,0.0099889364334803,0.009913132671241075,0.03730294684713442,0.009963139122414885,0.03686099898996131,0.1985282823451881,27200.0,0.0028360014338112884,0.010167457123732364,0.0379249662251237,0.206754368725872,23350.0,0.003408279239411068
20260301_204447_w40_lp1_seed1_healthy_r2,healthy,0.0,40.0,1,1,0.010149329760759919,0.0362045199771579,8.287964323883541e-05,0.010148991356651338,0.0099001792424854,0.04115379966466685,-1.9718196748133522e-05,0.009900159606089984,0.010008644695536952,0.047153784978320346,0.010321729056239124,0.044752763565075515,0.213076181420822,11500.0,0.0030772397703474233,0.010079467271749163,0.03559254414800161,0.20319132096452502,36250.0,0.0028229911299771813
20260301_204447_w40_lp1_seed1_rs_drift_p02,rs_drift,0.02,40.0,1,1,0.01015692418817502,0.03936133946414566,-0.000958185695063252,0.010111626433868636,0.010607083830813662,0.043649854220557976,-0.0032858980400505954,0.010085291342559236,0.13504748050444193,0.17232330498976012,0.019824281880814296,0.05729939036163767,0.7860043041799638,50.0,0.01627380443703696,0.011665317606471446,0.0397851096193953,0.2721592697197054,50.0,0.005131110031359016
20260301_204447_w40_lp1_seed1_rs_drift_p05,rs_drift,0.05,40.0,1,1,0.010519212275906095,0.040916919903290605,-0.002656564676315135,0.010178236145134783,0.01301766311657152,0.04851108291084637,-0.008227814886916531,0.010087745793941342,0.3367923484719678,0.37919235537971474,0.044000895657998466,0.09059338735197664,3.8721576374121374,50.0,0.0376958500634867,0.017171080675905004,0.049810299974851154,0.5896920231568764,50.0,0.010717156343639848
20260301_204447_w40_lp1_seed1_rs_drift_p08,rs_drift,0.08,40.0,1,1,0.011171817219272325,0.04337730014981833,-0.004347844171228516,0.010291051989157564,0.016600071487794126,0.053386340525438614,-0.013180653614288025,0.010091221120361574,0.5388500792114049,0.5879530801183392,0.06913372906026843,0.12844485447818266,9.558944987557208,50.0,0.05717499802020381,0.024234488962310764,0.05981305718359142,1.1746209105287246,50.0,0.01606389297433713
20260301_204447_w40_lp1_seed1_rs_drift_p10,rs_drift,0.1,40.0,1,1,0.011743832934761627,0.045140006817212974,-0.0054714091351596664,0.010391404817217124,0.019332994093837246,0.056644331408330584,-0.01648862690120849,0.010094049907994791,0.6736555477265802,0.728680829245846,0.08594065323256016,0.15336280759412935,14.771591756078305,50.0,0.06920424040203363,0.029255132860049906,0.0669781832270254,1.7117255973183438,50.0,0.019503250372899506
20260301_204447_w40_lp1_seed1_rs_drift_p15,rs_drift,0.15,40.0,1,1,0.013542464569281439,0.04953879992895027,-0.00826643955520763,0.010726803983029698,0.02676018866762131,0.06481679083353664,-0.024779903488673524,0.010102676903608946,1.010979415089444,1.0808731095323765,0.12782746803406275,0.2145821814152722,32.679723167998674,50.0,0.09637381123447236,0.04221053564200525,0.08479208039258435,3.5634586383699904,50.0,0.027696127527167935
20260301_204447_w40_lp1_seed1_rs_drift_p20,rs_drift,0.2,40.0,1,1,0.015709948357101485,0.053926478917670106,-0.011041581534812236,0.011175238457987785,0.03461218495252183,0.07302871802183374,-0.03310178148754553,0.01011313055084164,1.3487320324899847,1.433313347442926,0.16939849149643815,0.2743168021628093,57.39169784253766,50.0,0.12001941463765504,0.0553715638983038,0.10226764330775903,6.132020177087881,50.0,0.035360157885285105
20260301_204447_w40_lp1_seed1_rs_drift_p30,rs_drift,0.3,40.0,1,1,0.02064535427164536,0.06267024491270767,-0.01653202204220925,0.012366199909335645,0.050858560523424835,0.08957209540834932,-0.049837953654824095,0.010137630591734562,2.0255199917741273,2.138952488291494,0.2514513394200128,0.389571949092381,126.45555219223698,50.0,0.15910041830135474,0.08175862500997524,0.13623805828794844,13.368945527043497,50.0,0.04932082827490409
20260301_204447_w40_lp1_seed1_rs_drift_p40,rs_drift,0.4,40.0,1,1,0.02596091369529849,0.07137578035931957,-0.021942664239817434,0.013874023423411602,0.0674685011465607,0.10627692119957384,-0.06669851494014799,0.01016399290349598,2.704043908841783,2.8456287800217126,0.3320397754578086,0.4995715524252029,220.5008249721439,50.0,0.18997070525669613,0.10798681847695067,0.16895539235322138,23.32230592954779,50.0,0.06176129544987876
20260301_204447_w40_lp1_seed1_ld_mismatch_m20,ld_mismatch,-0.2,40.0,1,1,0.010094747856908767,0.038319813752010656,0.0001779997008444611,0.010093178409255603,0.010084278623424103,0.040416804391360736,2.6580310636545756e-06,0.010084278273119954,0.010005248298156784,0.03717130216526954,0.009934287857370154,0.03697891858664182,0.19738015046618418,29050.0,0.00324588981603146,0.010257669121989155,0.03622574393239545,0.2104395516324195,42400.0,0.003049899119176169
20260301_204447_w40_lp1_seed1_ld_mismatch_m10,ld_mismatch,-0.1,40.0,1,1,0.010094747856908767,0.038319813752010656,0.0001779997008444611,0.010093178409255603,0.010084278623424103,0.040416804391360736,2.6580310636545756e-06,0.010084278273119954,0.010005248298156784,0.03717130216526954,0.009934287857370154,0.03697891858664182,0.19738015046618418,29050.0,0.00324588981603146,0.010257669121989155,0.03622574393239545,0.2104395516324195,42400.0,0.003049899119176169
20260301_204447_w40_lp1_seed1_ld_mismatch_m05,ld_mismatch,-0.05,40.0,1,1,0.010094747856908767,0.038319813752010656,0.0001779997008444611,0.010093178409255603,0.010084278623424103,0.040416804391360736,2.6580310636545756e-06,0.010084278273119954,0.010005248298156784,0.03717130216526954,0.009934287857370154,0.03697891858664182,0.19738015046618418,29050.0,0.00324588981603146,0.010257669121989155,0.03622574393239545,0.2104395516324195,42400.0,0.003049899119176169
20260301_204447_w40_lp1_seed1_ld_mismatch_p05,ld_mismatch,0.05,40.0,1,1,0.010094747856908767,0.038319813752010656,0.0001779997008444611,0.010093178409255603,0.010084278623424103,0.040416804391360736,2.6580310636545756e-06,0.010084278273119954,0.010005248298156784,0.03717130216526954,0.009934287857370154,0.03697891858664182,0.19738015046618418,29050.0,0.00324588981603146,0.010257669121989155,0.03622574393239545,0.2104395516324195,42400.0,0.003049899119176169
20260301_204447_w40_lp1_seed1_ld_mismatch_p10,ld_mismatch,0.1,40.0,1,1,0.010094747856908767,0.038319813752010656,0.0001779997008444611,0.010093178409255603,0.010084278623424103,0.040416804391360736,2.6580310636545756e-06,0.010084278273119954,0.010005248298156784,0.03717130216526954,0.009934287857370154,0.03697891858664182,0.19738015046618418,29050.0,0.00324588981603146,0.010257669121989155,0.03622574393239545,0.2104395516324195,42400.0,0.003049899119176169
20260301_204447_w40_lp1_seed1_ld_mismatch_p20,ld_mismatch,0.2,40.0,1,1,0.010094747856908767,0.038319813752010656,0.0001779997008444611,0.010093178409255603,0.010084278623424103,0.040416804391360736,2.6580310636545756e-06,0.010084278273119954,0.010005248298156784,0.03717130216526954,0.009934287857370154,0.03697891858664182,0.19738015046618418,29050.0,0.00324588981603146,0.010257669121989155,0.03622574393239545,0.2104395516324195,42400.0,0.003049899119176169
20260301_204447_w40_lp1_seed2_healthy_r0,healthy,0.0,40.0,1,2,0.009879709099846035,0.03744098799620499,-6.279644167642262e-05,0.009879509527526826,0.010048244838839522,0.043012985826781584,-0.000310880844984556,0.010043434544093309,0.010095092436631566,0.04372230280360867,0.010082793466342848,0.038974881823689245,0.20332544816985204,25950.0,0.0029234582591414135,0.00996765947073919,0.03487655625203592,0.19870847064923328,34150.0,0.003217978537309062
20260301_204447_w40_lp1_seed2_healthy_r1,healthy,0.0,40.0,1,2,0.00988857902172854,0.03340358448601055,-0.00011869813309909728,0.00988786659609486,0.00994185361438834,0.03378129753407081,0.00010502838425445962,0.009941298825024193,0.0100184820034006,0.0380549717230636,0.010159684287403638,0.03853580472543072,0.2064383696394327,23950.0,0.0029119423692731223,0.010110134658149831,0.036914101176258644,0.2044296456118448,44750.0,0.0030564018405912705
20260301_204447_w40_lp1_seed2_healthy_r2,healthy,0.0,40.0,1,2,0.010195988260976029,0.04079177943091983,-6.345079455959928e-05,0.010195790828309037,0.010000512671690776,0.04023209154458696,-0.00023088300766273346,0.00999784710492316,0.009950713552554717,0.0343827583613745,0.010009494478478279,0.036487076233723936,0.2003799594293743,22950.0,0.002915348181466884,0.010173028825718923,0.038441512857362185,0.20698103097781628,44700.0,0.0029168942581474368
20260301_204447_w40_lp1_seed2_rs_drift_p02,rs_drift,0.02,40.0,1,2,0.009967413251532189,0.03942289836240409,-0.001198981837584136,0.009895037618926105,0.010669646894422109,0.0399149859147398,-0.003599436916098807,0.010044173372591518,0.1348491061699073,0.17149070753174556,0.019746063355823733,0.058606511280969276,0.7798140361044096,50.0,0.015272040754511437,0.01138522071284812,0.03956534524946817,0.25924650136053173,50.0,0.003661832968462212
20260301_204447_w40_lp1_seed2_rs_drift_p05,rs_drift,0.05,40.0,1,2,0.010371070496148898,0.04239400557085071,-0.002897360818836019,0.009958132531833667,0.013186417002391464,0.0449249383312973,-0.008541353762964743,0.010046236571813682,0.33658945741027374,0.3810293440491108,0.043863053477097444,0.09780043625221846,3.8479349206694207,50.0,0.036018314398936185,0.016956458881728545,0.05065295390361223,0.5750429956155017,50.0,0.009496812413593405
20260301_204447_w40_lp1_seed2_rs_drift_p08,rs_drift,0.08,40.0,1,2,0.01106480824848068,0.0453631241520287,-0.0045886403137493995,0.010068483582281889,0.016825057443710028,0.049944481169666384,-0.013494192490336235,0.010049344606385804,0.5386461047497966,0.5906734154503823,0.06898152443146494,0.1362503721367725,9.516901425777586,50.0,0.05493326068732489,0.024065332933184042,0.06158745117305106,1.1582804983699848,50.0,0.015123587420911465
20260301_204447_w40_lp1_seed2_rs_drift_p10,rs_drift,0.1,40.0,1,2,0.011662450168747193,0.047341505342722634,-0.005712205277680549,0.010167765477436521,0.019579435834054748,0.053296173626856236,-0.016802165777256697,0.01005194174144732,0.6734512111381378,0.7304951386075587,0.08578399746412232,0.16148114326297835,14.717788441849091,50.0,0.06663673050677507,0.029105696995608485,0.06879370394808351,1.6942831952003456,50.0,0.018745577935529646
20260301_204447_w40_lp1_seed2_rs_drift_p15,rs_drift,0.15,40.0,1,2,0.01351563957723454,0.05228420905813902,-0.008507235697728512,0.010502354686688234,0.02703488784891642,0.061694073716393974,-0.02509344236472174,0.010060035352416865,1.0107745846909917,1.080991108132551,0.1276654918073445,0.22319463119364147,32.59695559682229,50.0,0.09313085749204209,0.04209128990632526,0.08652435562928791,3.543353371956638,50.0,0.027371260626476067
20260301_204447_w40_lp1_seed2_rs_drift_p20,rs_drift,0.2,40.0,1,2,0.01572401790870754,0.05722296980190267,-0.01128237767733312,0.010952291684363173,0.03489969827454888,0.0701186659527608,-0.033415320363593744,0.01007002009198333,1.3485269405740408,1.4331246191649996,0.16923446041606852,0.2830345595623367,57.28060518463572,50.0,0.11624969567134186,0.055269282556173825,0.10385934990137968,6.109387188548361,50.0,0.03543163952683767
20260301_204447_w40_lp1_seed2_rs_drift_p30,rs_drift,0.3,40.0,1,2,0.02071173132484412,0.06709282153199192,-0.016772818184730132,0.012151065163783606,0.05115717369882949,0.08704805191477202,-0.0501514925308723,0.010093771236662285,2.0253146064667478,2.138174678121146,0.2512864821905898,0.39744035116149945,126.28979226344323,50.0,0.1545718995206662,0.081675196642803,0.13739641425798302,13.341675493281077,50.0,0.05008983226950171
20260301_204447_w40_lp1_seed2_rs_drift_p40,rs_drift,0.4,40.0,1,2,0.02605709002221747,0.07696105790504815,-0.022183460382338312,0.013669894874912956,0.06777183967901156,0.10408461832361691,-0.06701205381619621,0.010119629282383266,2.7038383440830085,2.8442950243724994,0.33187581093585167,0.5053409929607597,220.28310776865834,50.0,0.1849425488088806,0.10791424640280183,0.16950631561059726,23.290969153369254,50.0,0.06312731546289332
20260301_204447_w40_lp1_seed2_ld_mismatch_m20,ld_mismatch,-0.2,40.0,1,2,0.009879709099846035,0.03744098799620499,-6.279644167642262e-05,0.009879509527526826,0.010048244838839522,0.043012985826781584,-0.000310880844984556,0.010043434544093309,0.010095092436631566,0.04372230280360867,0.010082793466342848,0.038974881823689245,0.20332544816985204,25950.0,0.0029234582591414135,0.00996765947073919,0.03487655625203592,0.19870847064923328,34150.0,0.003217978537309062
20260301_204447_w40_lp1_seed2_ld_mismatch_m10,ld_mismatch,-0.1,40.0,1,2,0.009879709099846035,0.03744098799620499,-6.279644167642262e-05,0.009879509527526826,0.010048244838839522,0.043012985826781584,-0.000310880844984556,0.010043434544093309,0.010095092436631566,0.04372230280360867,0.010082793466342848,0.038974881823689245,0.20332544816985204,25950.0,0.0029234582591414135,0.00996765947073919,0.03487655625203592,0.19870847064923328,34150.0,0.003217978537309062
20260301_204447_w40_lp1_seed2_ld_mismatch_m05,ld_mismatch,-0.05,40.0,1,2,0.009879709099846035,0.03744098799620499,-6.279644167642262e-05,0.009879509527526826,0.010048244838839522,0.043012985826781584,-0.000310880844984556,0.010043434544093309,0.010095092436631566,0.04372230280360867,0.010082793466342848,0.038974881823689245,0.20332544816985204,25950.0,0.0029234582591414135,0.00996765947073919,0.03487655625203592,0.19870847064923328,34150.0,0.003217978537309062
20260301_204447_w40_lp1_seed2_ld_mismatch_p05,ld_mismatch,0.05,40.0,1,2,0.009879709099846035,0.03744098799620499,-6.279644167642262e-05,0.009879509527526826,0.010048244838839522,0.043012985826781584,-0.000310880844984556,0.010043434544093309,0.010095092436631566,0.04372230280360867,0.010082793466342848,0.038974881823689245,0.20332544816985204,25950.0,0.0029234582591414135,0.00996765947073919,0.03487655625203592,0.19870847064923328,34150.0,0.003217978537309062
20260301_204447_w40_lp1_seed2_ld_mismatch_p10,ld_mismatch,0.1,40.0,1,2,0.009879709099846035,0.03744098799620499,-6.279644167642262e-05,0.009879509527526826,0.010048244838839522,0.043012985826781584,-0.000310880844984556,0.010043434544093309,0.010095092436631566,0.04372230280360867,0.010082793466342848,0.038974881823689245,0.20332544816985204,25950.0,0.0029234582591414135,0.00996765947073919,0.03487655625203592,0.19870847064923328,34150.0,0.003217978537309062
20260301_204447_w40_lp1_seed2_ld_mismatch_p20,ld_mismatch,0.2,40.0,1,2,0.009879709099846035,0.03744098799620499,-6.279644167642262e-05,0.009879509527526826,0.010048244838839522,0.043012985826781584,-0.000310880844984556,0.010043434544093309,0.010095092436631566,0.04372230280360867,0.010082793466342848,0.038974881823689245,0.20332544816985204,25950.0,0.0029234582591414135,0.00996765947073919,0.03487655625203592,0.19870847064923328,34150.0,0.003217978537309062
20260301_204447_w40_lp2_seed0_healthy_r0,healthy,0.0,40.0,2,0,0.010027122791990849,0.03633563436993903,2.0304656491586835e-05,0.010027102233775575,0.010010820718744923,0.04852117653180117,0.00010023849700588572,0.010010318861383517,0.009982570427804633,0.038520201719414615,0.01004238961653435,0.03992961068105805,0.20169917842055385,41700.0,0.003250033468695156,0.010181983200988485,0.037029384983912526,0.20734556381042343,15900.0,0.0028734950742802822
20260301_204447_w40_lp2_seed0_healthy_r1,healthy,0.0,40.0,2,0,0.00999102450226232,0.03786780301309145,-0.00016684970125237887,0.00998963121351324,0.009727897688314557,0.04403334062542879,0.00013973796723125385,0.00972689399216573,0.010008588860473022,0.03509791972238219,0.009957792292358696,0.033603293576007776,0.19831525467551653,47950.0,0.0026346846925532482,0.0098708461248599,0.036444821321153086,0.19486720644132338,750.0,0.0031275571120317792
20260301_204447_w40_lp2_seed0_healthy_r2,healthy,0.0,40.0,2,0,0.009992599960675074,0.04498193698573516,-0.00010314922438967589,0.00999206756440284,0.009770876928893288,0.03769165771418794,0.00019539075596020257,0.009768923093773666,0.010083768057452563,0.038773379083199444,0.0098370285934879,0.03263150883709276,0.1935342630981971,20900.0,0.003175037057689727,0.01006266207071666,0.032849952874481794,0.20251433589887938,19000.0,0.00284474476362126
20260301_204447_w40_lp2_seed0_rs_drift_p02,rs_drift,0.02,40.0,2,0,0.010864299444897156,0.04169304036616728,-0.0037323491783774502,0.010203066795775564,0.010943504692697857,0.05379454445540586,-0.004286806462320146,0.010068941618348488,0.14451938118375532,0.2037690454865455,0.027443246940901635,0.07040397683495314,1.5062636053186138,50.0,0.029537625630661927,0.013030582233746955,0.04116508131865421,0.33959214670088356,50.0,0.007474267907502529
20260301_204447_w40_lp2_seed0_rs_drift_p05,rs_drift,0.05,40.0,2,0,0.014570641208846777,0.049718561545997186,-0.00933559180092499,0.011187059978539757,0.015117061660322326,0.06172480503865258,-0.010874698581511359,0.010500784923197982,0.360192977520564,0.4626338950714768,0.06467843062659151,0.13041273917236929,8.366598776637622,50.0,0.0699409336800217,0.022494144186562363,0.05493411394647618,1.0119730453717148,50.0,0.017337213421844244
20260301_204447_w40_lp2_seed0_rs_drift_p08,rs_drift,0.08,40.0,2,0,0.019686283991102373,0.057730024369052835,-0.014907650066309924,0.01285736158310807,0.020810987710731182,0.06967910078686457,-0.017471244364036242,0.011307202565990234,0.5760123958489078,0.7239586665789517,0.10244212679365755,0.19183777261395596,20.98877868401562,50.0,0.10480633450792333,0.03353901422577399,0.07099780514657136,2.2497309504733405,50.0,0.026720482707941733
20260301_204447_w40_lp2_seed0_rs_drift_p10,rs_drift,0.1,40.0,2,0,0.02343056249235369,0.0630624337751775,-0.01860486507919989,0.014242550828164873,0.024959172716183847,0.0749951932433489,-0.021873673867075682,0.012020927344972456,0.7199051007072159,0.8994744337512337,0.12755183183330085,0.23260243106204603,32.53893960806132,50.0,0.12546909246803545,0.04115281334475745,0.08164801799694776,3.3871080923768933,50.0,0.03271075081881426
20260301_204447_w40_lp2_seed0_rs_drift_p15,rs_drift,0.15,40.0,2,0,0.03327251181294859,0.07636015662625573,-0.027785961595443904,0.018303015613808545,0.035859555511422066,0.0883311554038561,-0.03289598335091635,0.01427452278897599,1.0796462926734671,1.3381204330783945,0.18988577866908984,0.3322814344168683,72.11321788153315,50.0,0.1699030054989712,0.06047748100225462,0.10806472083717848,7.315051416756137,50.0,0.04682759419324937
20260301_204447_w40_lp2_seed0_rs_drift_p20,rs_drift,0.2,40.0,2,0,0.0433920509902899,0.0896046036567717,-0.03687733484974846,0.022867712249445643,0.047113631049998245,0.10173142338988639,-0.04394093066403286,0.01699673036480887,1.4393905239138247,1.7765565179730416,0.25151805687327367,0.42994392088067546,126.52266586661466,50.0,0.2062946142060531,0.07993206036078904,0.13417931968144658,12.778268547041643,50.0,0.05983764315432201
20260301_204447_w40_lp2_seed0_rs_drift_p30,rs_drift,0.3,40.0,2,0,0.06381758360769343,0.1159052247040484,-0.054784802808980064,0.032730862480327506,0.07006269254031461,0.12871942329641373,-0.06609600976675611,0.02324001675798743,2.158900763274695,2.6527735228399436,0.3726588181003051,0.6171226444298843,277.7491894158325,50.0,0.2623308947808629,0.11882880215639233,0.1854880842451592,28.24056844384606,50.0,0.08305995285560569
20260301_204447_w40_lp2_seed0_rs_drift_p40,rs_drift,0.4,40.0,2,0,0.08418687398175403,0.14190795614285223,-0.07231531059402613,0.043103661149712875,0.09331443259459238,0.1559476003725069,-0.08833361037926274,0.030079172325968854,2.8784932923810738,3.528074216083695,0.4910770625617489,0.7947826384223227,482.3133627485517,50.0,0.3034156512347481,0.15753308773675717,0.2355553894099212,49.633347463753665,50.0,0.10324793816643875
20260301_204447_w40_lp2_seed0_ld_mismatch_m20,ld_mismatch,-0.2,40.0,2,0,0.010027122791990849,0.03633563436993903,2.0304656491586835e-05,0.010027102233775575,0.010010820718744923,0.04852117653180117,0.00010023849700588572,0.010010318861383517,0.009982570427804633,0.038520201719414615,0.01004238961653435,0.03992961068105805,0.20169917842055385,41700.0,0.003250033468695156,0.010181983200988485,0.037029384983912526,0.20734556381042343,15900.0,0.0028734950742802822
20260301_204447_w40_lp2_seed0_ld_mismatch_m10,ld_mismatch,-0.1,40.0,2,0,0.010027122791990849,0.03633563436993903,2.0304656491586835e-05,0.010027102233775575,0.010010820718744923,0.04852117653180117,0.00010023849700588572,0.010010318861383517,0.009982570427804633,0.038520201719414615,0.01004238961653435,0.03992961068105805,0.20169917842055385,41700.0,0.003250033468695156,0.010181983200988485,0.037029384983912526,0.20734556381042343,15900.0,0.0028734950742802822
20260301_204447_w40_lp2_seed0_ld_mismatch_m05,ld_mismatch,-0.05,40.0,2,0,0.010027122791990849,0.03633563436993903,2.0304656491586835e-05,0.010027102233775575,0.010010820718744923,0.04852117653180117,0.00010023849700588572,0.010010318861383517,0.009982570427804633,0.038520201719414615,0.01004238961653435,0.03992961068105805,0.20169917842055385,41700.0,0.003250033468695156,0.010181983200988485,0.037029384983912526,0.20734556381042343,15900.0,0.0028734950742802822
20260301_204447_w40_lp2_seed0_ld_mismatch_p05,ld_mismatch,0.05,40.0,2,0,0.010027122791990849,0.03633563436993903,2.0304656491586835e-05,0.010027102233775575,0.010010820718744923,0.04852117653180117,0.00010023849700588572,0.010010318861383517,0.009982570427804633,0.038520201719414615,0.01004238961653435,0.03992961068105805,0.20169917842055385,41700.0,0.003250033468695156,0.010181983200988485,0.037029384983912526,0.20734556381042343,15900.0,0.0028734950742802822
20260301_204447_w40_lp2_seed0_ld_mismatch_p10,ld_mismatch,0.1,40.0,2,0,0.010027122791990849,0.03633563436993903,2.0304656491586835e-05,0.010027102233775575,0.010010820718744923,0.04852117653180117,0.00010023849700588572,0.010010318861383517,0.009982570427804633,0.038520201719414615,0.01004238961653435,0.03992961068105805,0.20169917842055385,41700.0,0.003250033468695156,0.010181983200988485,0.037029384983912526,0.20734556381042343,15900.0,0.0028734950742802822
20260301_204447_w40_lp2_seed0_ld_mismatch_p20,ld_mismatch,0.2,40.0,2,0,0.010027122791990849,0.03633563436993903,2.0304656491586835e-05,0.010027102233775575,0.010010820718744923,0.04852117653180117,0.00010023849700588572,0.010010318861383517,0.009982570427804633,0.038520201719414615,0.01004238961653435,0.03992961068105805,0.20169917842055385,41700.0,0.003250033468695156,0.010181983200988485,0.037029384983912526,0.20734556381042343,15900.0,0.0028734950742802822
20260301_204447_w40_lp2_seed1_healthy_r0,healthy,0.0,40.0,2,1,0.010094747856908767,0.038319813752010656,0.00017799970084446103,0.010093178409255603,0.010084278623424103,0.040416804391360736,2.6580310636545756e-06,0.010084278273119954,0.0100052482981568,0.03717130216526954,0.009934287857370152,0.03697891858664182,0.19738015046618412,29050.0,0.003245889816031456,0.010257669121989155,0.03622574393239545,0.2104395516324195,42400.0,0.003049899119176169
20260301_204447_w40_lp2_seed1_healthy_r1,healthy,0.0,40.0,2,1,0.009824477544465407,0.035273564682882785,4.611994344855379e-05,0.009824369291334753,0.00998895822504164,0.03925030336645486,2.0865030959076426e-05,0.0099889364334803,0.009913132671241071,0.03730294684713087,0.009963139122414885,0.03686099898996131,0.1985282823451881,27200.0,0.0028360014338112854,0.010167457123732364,0.0379249662251237,0.206754368725872,23350.0,0.003408279239411068
20260301_204447_w40_lp2_seed1_healthy_r2,healthy,0.0,40.0,2,1,0.010149329760759919,0.0362045199771579,8.287964323883496e-05,0.010148991356651338,0.0099001792424854,0.04115379966466685,-1.9718196748133522e-05,0.009900159606089984,0.010008644695536938,0.047153784978320346,0.010321729056239126,0.044752763565075515,0.21307618142082208,11500.0,0.0030772397703474437,0.010079467271749163,0.03559254414800161,0.20319132096452502,36250.0,0.0028229911299771813
20260301_204447_w40_lp2_seed1_rs_drift_p02,rs_drift,0.02,40.0,2,1,0.010871197819742101,0.043650929528633586,-0.0035746541340245758,0.010266683488744864,0.011093156678468467,0.04386410360809488,-0.004384386928262377,0.010189959585608352,0.14436504354966526,0.20066802142312312,0.027563416494963754,0.06772627863364189,1.5194838577496799,50.0,0.031059964124198865,0.013034058882162572,0.04313567236369704,0.3397733818873621,50.0,0.007812453531853675
20260301_204447_w40_lp2_seed1_rs_drift_p05,rs_drift,0.05,40.0,2,1,0.014513861898244185,0.05164146560429472,-0.009177896756572119,0.011243593657145712,0.015315690067580615,0.04901918145585837,-0.01097227904745359,0.010685478686095368,0.36003742867569427,0.46407296781768537,0.06482793472360714,0.1292641746624561,8.405322241056536,50.0,0.07093699278715467,0.022444872363747904,0.058199978946107525,1.0075445908498688,50.0,0.017199891781804807
20260301_204447_w40_lp2_seed1_rs_drift_p08,rs_drift,0.08,40.0,2,1,0.019598839886980267,0.05962344427262378,-0.014749955021957053,0.01290555507391033,0.02102156388233566,0.0547678909704233,-0.01756882482997847,0.011543073340867713,0.5758567019942533,0.7274068374028779,0.10259641463835241,0.19174218422145195,21.052048593289467,50.0,0.10533916546261779,0.033469495392348045,0.07451623438582183,2.240414243636814,50.0,0.02610124019056333
20260301_204447_w40_lp2_seed1_rs_drift_p10,rs_drift,0.1,40.0,2,1,0.0233318727917756,0.06493933823233045,-0.01844717003484702,0.01428559434105003,0.02517183774823282,0.060778946025681096,-0.02197125433301791,0.012283541779845109,0.7197494148617797,0.9029226045751599,0.12770678966250512,0.2327361719163732,32.61804825180665,50.0,0.12576134133395386,0.0410754382849175,0.08536962199893205,3.3743832605961326,50.0,0.031784710960974086
20260301_204447_w40_lp2_seed1_rs_drift_p15,rs_drift,0.15,40.0,2,1,0.033159135370470896,0.07820710807996001,-0.027628266551091036,0.018335952276854296,0.036072590247700084,0.07585754908853594,-0.03299356381685858,0.014582747129445378,1.0794907452861868,1.3415686039023207,0.19003961674501627,0.33299215487389944,72.23011186518532,50.0,0.16976057351385831,0.06038752703788636,0.11215948727551478,7.293306843502911,50.0,0.04519184218527831
20260301_204447_w40_lp2_seed1_rs_drift_p20,rs_drift,0.2,40.0,2,1,0.043272006179601426,0.09143833193212991,-0.03671963980539558,0.02289398548460866,0.04732575191319195,0.09100890978660951,-0.044038511129975075,0.017330214413100953,1.439235183360464,1.7800046887969678,0.2516692355891701,0.43018506927559264,126.67480828407439,50.0,0.20585528695450545,0.07983366690580654,0.13846726538884363,12.74682874325454,50.0,0.05756911985234894
20260301_204447_w40_lp2_seed1_rs_drift_p30,rs_drift,0.3,40.0,2,1,0.06369195700277211,0.11776499978295574,-0.05462710776462719,0.03274972494716222,0.07027348653451318,0.12152952712749081,-0.06619359023269836,0.023596006480377695,2.158745911214915,2.65622169366387,0.3728032250781215,0.6159480688119405,277.96448925729703,50.0,0.2615420811698292,0.11871792289354532,0.1896794562154548,28.187890432315548,50.0,0.07971755968916895
20260301_204447_w40_lp2_seed1_rs_drift_p40,rs_drift,0.4,40.0,2,1,0.08405924996198687,0.14386678541859066,-0.07215761554967326,0.04311885924230072,0.09352477680825148,0.1523397230462285,-0.08843119084520498,0.03044352743576521,2.8783389751114496,3.5315223869076213,0.49121406276087864,0.7926497462801363,482.5825109080969,50.0,0.30244604403993924,0.15741226367325703,0.23908978577786885,49.557241509478,50.0,0.09903149765828918
20260301_204447_w40_lp2_seed1_ld_mismatch_m20,ld_mismatch,-0.2,40.0,2,1,0.010094747856908767,0.038319813752010656,0.00017799970084446103,0.010093178409255603,0.010084278623424103,0.040416804391360736,2.6580310636545756e-06,0.010084278273119954,0.0100052482981568,0.03717130216526954,0.009934287857370152,0.03697891858664182,0.19738015046618412,29050.0,0.003245889816031456,0.010257669121989155,0.03622574393239545,0.2104395516324195,42400.0,0.003049899119176169
20260301_204447_w40_lp2_seed1_ld_mismatch_m10,ld_mismatch,-0.1,40.0,2,1,0.010094747856908767,0.038319813752010656,0.00017799970084446103,0.010093178409255603,0.010084278623424103,0.040416804391360736,2.6580310636545756e-06,0.010084278273119954,0.0100052482981568,0.03717130216526954,0.009934287857370152,0.03697891858664182,0.19738015046618412,29050.0,0.003245889816031456,0.010257669121989155,0.03622574393239545,0.2104395516324195,42400.0,0.003049899119176169
20260301_204447_w40_lp2_seed1_ld_mismatch_m05,ld_mismatch,-0.05,40.0,2,1,0.010094747856908767,0.038319813752010656,0.00017799970084446103,0.010093178409255603,0.010084278623424103,0.040416804391360736,2.6580310636545756e-06,0.010084278273119954,0.0100052482981568,0.03717130216526954,0.009934287857370152,0.03697891858664182,0.19738015046618412,29050.0,0.003245889816031456,0.010257669121989155,0.03622574393239545,0.2104395516324195,42400.0,0.003049899119176169
20260301_204447_w40_lp2_seed1_ld_mismatch_p05,ld_mismatch,0.05,40.0,2,1,0.010094747856908767,0.038319813752010656,0.00017799970084446103,0.010093178409255603,0.010084278623424103,0.040416804391360736,2.6580310636545756e-06,0.010084278273119954,0.0100052482981568,0.03717130216526954,0.009934287857370152,0.03697891858664182,0.19738015046618412,29050.0,0.003245889816031456,0.010257669121989155,0.03622574393239545,0.2104395516324195,42400.0,0.003049899119176169
20260301_204447_w40_lp2_seed1_ld_mismatch_p10,ld_mismatch,0.1,40.0,2,1,0.010094747856908767,0.038319813752010656,0.00017799970084446103,0.010093178409255603,0.010084278623424103,0.040416804391360736,2.6580310636545756e-06,0.010084278273119954,0.0100052482981568,0.03717130216526954,0.009934287857370152,0.03697891858664182,0.19738015046618412,29050.0,0.003245889816031456,0.010257669121989155,0.03622574393239545,0.2104395516324195,42400.0,0.003049899119176169
20260301_204447_w40_lp2_seed1_ld_mismatch_p20,ld_mismatch,0.2,40.0,2,1,0.010094747856908767,0.038319813752010656,0.00017799970084446103,0.010093178409255603,0.010084278623424103,0.040416804391360736,2.6580310636545756e-06,0.010084278273119954,0.0100052482981568,0.03717130216526954,0.009934287857370152,0.03697891858664182,0.19738015046618412,29050.0,0.003245889816031456,0.010257669121989155,0.03622574393239545,0.2104395516324195,42400.0,0.003049899119176169
20260301_204447_w40_lp2_seed2_healthy_r0,healthy,0.0,40.0,2,2,0.009879709099846035,0.03744098799620499,-6.279644167642245e-05,0.009879509527526826,0.010048244838839522,0.043012985826781584,-0.000310880844984556,0.010043434544093309,0.010095092436631566,0.04372230280360867,0.01008279346634285,0.038974881823689245,0.2033254481698521,25950.0,0.0029234582591414152,0.00996765947073919,0.03487655625203592,0.19870847064923328,34150.0,0.003217978537309062
20260301_204447_w40_lp2_seed2_healthy_r1,healthy,0.0,40.0,2,2,0.00988857902172854,0.03340358448601055,-0.00011869813309909718,0.00988786659609486,0.00994185361438834,0.03378129753407081,0.00010502838425445962,0.009941298825024193,0.01001848200340057,0.0380549717230636,0.010159684287403636,0.03853580472543072,0.20643836963943268,23950.0,0.0029119423692731115,0.010110134658149831,0.036914101176258644,0.2044296456118448,44750.0,0.0030564018405912705
20260301_204447_w40_lp2_seed2_healthy_r2,healthy,0.0,40.0,2,2,0.010195988260976029,0.04079177943091983,-6.345079455959936e-05,0.010195790828309037,0.010000512671690776,0.04023209154458696,-0.00023088300766273346,0.00999784710492316,0.009950713552554714,0.0343827583613745,0.010009494478478277,0.036487076233723936,0.2003799594293742,22950.0,0.002915348181466888,0.010173028825718923,0.038441512857362185,0.20698103097781628,44700.0,0.0029168942581474368
20260301_204447_w40_lp2_seed2_rs_drift_p02,rs_drift,0.02,40.0,2,2,0.010782299848030901,0.041985721408283716,-0.0038154502765454595,0.010084658110221505,0.01118160022906716,0.04170324392062365,-0.004697925804310588,0.010146806237426014,0.14418570626335264,0.20053936626587543,0.027418036868517865,0.07527058268942222,1.50349749144681,50.0,0.02962617586773217,0.012756196828014621,0.04325421536082494,0.32544111503010054,50.0,0.0064495910657114165
20260301_204447_w40_lp2_seed2_rs_drift_p05,rs_drift,0.05,40.0,2,2,0.01456932117691705,0.04998960645401507,-0.009418692899093003,0.011115455169660785,0.015510808408284463,0.04940601726440834,-0.0112858179235018,0.01064027684207857,0.35985388342010066,0.4625509651306139,0.06464015818208073,0.13905825480394807,8.356700099608837,50.0,0.06836755531570372,0.022241514551994097,0.05981760755832538,0.9893699391331303,50.0,0.01632855765104393
20260301_204447_w40_lp2_seed2_rs_drift_p08,rs_drift,0.08,40.0,2,2,0.019729269286756737,0.057965712696758764,-0.014990751164477933,0.012826591367704289,0.021259525418170427,0.05713059006076713,-0.017882363706026683,0.011497325310315182,0.5756720919396061,0.7255801219727331,0.10239901545823904,0.2016318634645775,20.971116733633355,50.0,0.10193830233568137,0.03330518968474106,0.07615998336508661,2.2184713198731645,50.0,0.025707960787262018
20260301_204447_w40_lp2_seed2_rs_drift_p10,rs_drift,0.1,40.0,2,2,0.023491239646905665,0.06326679612771624,-0.018687966177367902,0.014233701567122512,0.025424028485212625,0.06257278990427913,-0.02228479320906612,0.012238023371691336,0.719564426919492,0.9008924614616625,0.12750639935161978,0.24269079528366344,32.515763751229485,50.0,0.12192198595396252,0.040926585243720344,0.08693437256733028,3.349970759423016,50.0,0.03169244250924907
20260301_204447_w40_lp2_seed2_rs_drift_p15,rs_drift,0.15,40.0,2,2,0.033358351739851494,0.07645855264671741,-0.02786906269361192,0.018332893262635375,0.03634199855933803,0.07750047830390819,-0.03330710269290679,0.01453883659345165,1.0793051919592431,1.3390288804770485,0.1898356182385463,0.3431134960310205,72.07512390402218,50.0,0.16509954262858312,0.060261409673906856,0.11345804966931114,7.26287499177287,50.0,0.045787949003842254
20260301_204447_w40_lp2_seed2_rs_drift_p20,rs_drift,0.2,40.0,2,2,0.04349076619499079,0.08955679118287341,-0.036960435947916474,0.022921014784850115,0.04760240601519448,0.09250126787353358,-0.04435205000602329,0.017288282699523164,1.4390492777100439,1.7773025168296357,0.25146383352437707,0.44047949024835065,126.46811914155123,50.0,0.2006491503641213,0.07972015547354204,0.13940848958727167,12.71060637745143,50.0,0.0587717592208806
20260301_204447_w40_lp2_seed2_rs_drift_p30,rs_drift,0.3,40.0,2,2,0.0639290183980334,0.11544147560753037,-0.05486790390714807,0.03280903098495988,0.07055594766264256,0.12272156773872293,-0.06650712910874655,0.02355723940291124,2.1585595071226718,2.6543721622359335,0.37259732524239686,0.6266080174502355,277.65753355557695,50.0,0.2557173180233654,0.11861872624663836,0.18966423969086774,28.140804432749867,50.0,0.08193993847277506
20260301_204447_w40_lp2_seed2_rs_drift_p40,rs_drift,0.4,40.0,2,2,0.0843044249367066,0.1408607992920663,-0.07239841169219415,0.04319381956202028,0.09380933248958684,0.15323215066713802,-0.08874472972125319,0.030406640867474546,2.878152169145021,3.530530501363426,0.491008966661905,0.8021266204317494,482.1796106847835,50.0,0.29634043564614265,0.15732177597144686,0.23784208548018188,49.50028238962024,50.0,0.10207710650039956
20260301_204447_w40_lp2_seed2_ld_mismatch_m20,ld_mismatch,-0.2,40.0,2,2,0.009879709099846035,0.03744098799620499,-6.279644167642245e-05,0.009879509527526826,0.010048244838839522,0.043012985826781584,-0.000310880844984556,0.010043434544093309,0.010095092436631566,0.04372230280360867,0.01008279346634285,0.038974881823689245,0.2033254481698521,25950.0,0.0029234582591414152,0.00996765947073919,0.03487655625203592,0.19870847064923328,34150.0,0.003217978537309062
20260301_204447_w40_lp2_seed2_ld_mismatch_m10,ld_mismatch,-0.1,40.0,2,2,0.009879709099846035,0.03744098799620499,-6.279644167642245e-05,0.009879509527526826,0.010048244838839522,0.043012985826781584,-0.000310880844984556,0.010043434544093309,0.010095092436631566,0.04372230280360867,0.01008279346634285,0.038974881823689245,0.2033254481698521,25950.0,0.0029234582591414152,0.00996765947073919,0.03487655625203592,0.19870847064923328,34150.0,0.003217978537309062
20260301_204447_w40_lp2_seed2_ld_mismatch_m05,ld_mismatch,-0.05,40.0,2,2,0.009879709099846035,0.03744098799620499,-6.279644167642245e-05,0.009879509527526826,0.010048244838839522,0.043012985826781584,-0.000310880844984556,0.010043434544093309,0.010095092436631566,0.04372230280360867,0.01008279346634285,0.038974881823689245,0.2033254481698521,25950.0,0.0029234582591414152,0.00996765947073919,0.03487655625203592,0.19870847064923328,34150.0,0.003217978537309062
20260301_204447_w40_lp2_seed2_ld_mismatch_p05,ld_mismatch,0.05,40.0,2,2,0.009879709099846035,0.03744098799620499,-6.279644167642245e-05,0.009879509527526826,0.010048244838839522,0.043012985826781584,-0.000310880844984556,0.010043434544093309,0.010095092436631566,0.04372230280360867,0.01008279346634285,0.038974881823689245,0.2033254481698521,25950.0,0.0029234582591414152,0.00996765947073919,0.03487655625203592,0.19870847064923328,34150.0,0.003217978537309062
20260301_204447_w40_lp2_seed2_ld_mismatch_p10,ld_mismatch,0.1,40.0,2,2,0.009879709099846035,0.03744098799620499,-6.279644167642245e-05,0.009879509527526826,0.010048244838839522,0.043012985826781584,-0.000310880844984556,0.010043434544093309,0.010095092436631566,0.04372230280360867,0.01008279346634285,0.038974881823689245,0.2033254481698521,25950.0,0.0029234582591414152,0.00996765947073919,0.03487655625203592,0.19870847064923328,34150.0,0.003217978537309062
20260301_204447_w40_lp2_seed2_ld_mismatch_p20,ld_mismatch,0.2,40.0,2,2,0.009879709099846035,0.03744098799620499,-6.279644167642245e-05,0.009879509527526826,0.010048244838839522,0.043012985826781584,-0.000310880844984556,0.010043434544093309,0.010095092436631566,0.04372230280360867,0.01008279346634285,0.038974881823689245,0.2033254481698521,25950.0,0.0029234582591414152,0.00996765947073919,0.03487655625203592,0.19870847064923328,34150.0,0.003217978537309062
20260301_204447_w50_lp0_seed0_healthy_r0,healthy,0.0,50.0,0,0,0.010027122791990849,0.03633563436993903,2.0304656491587282e-05,0.010027102233775575,0.010010820718744923,0.04852117653180117,0.00010023849700588572,0.010010318861383517,0.009982570427804621,0.038520201719414615,0.01004238961653435,0.03992961068105805,0.20169917842055388,41700.0,0.0032500334686951554,0.010181983200988485,0.037029384983912526,0.20734556381042343,15900.0,0.0028734950742802822
20260301_204447_w50_lp0_seed0_healthy_r1,healthy,0.0,50.0,0,0,0.00999102450226232,0.03786780301309145,-0.00016684970125237903,0.00998963121351324,0.009727897688314557,0.04403334062542879,0.00013973796723125385,0.00972689399216573,0.010008588860473042,0.03509791972238219,0.009957792292358698,0.033603293576007776,0.19831525467551656,47950.0,0.0026346846925532482,0.0098708461248599,0.036444821321153086,0.19486720644132338,750.0,0.0031275571120317792
20260301_204447_w50_lp0_seed0_healthy_r2,healthy,0.0,50.0,0,0,0.009992599960675074,0.04498193698573516,-0.0001031492243896765,0.00999206756440284,0.009770876928893288,0.03769165771418794,0.00019539075596020257,0.009768923093773666,0.010083768057452562,0.03877337908319589,0.0098370285934879,0.03263150883709276,0.19353426309819707,20900.0,0.0031750370576897275,0.01006266207071666,0.032849952874481794,0.20251433589887938,19000.0,0.00284474476362126
20260301_204447_w50_lp0_seed0_rs_drift_p02,rs_drift,0.02,50.0,0,0,0.010250424200581587,0.03834505349986195,-0.002019336752243919,0.010049551003547654,0.010997159891030568,0.053315380405322355,-0.004559426806673353,0.010007454864423816,0.15390096028757505,0.19760746135323615,0.02460303710659441,0.06671801673283806,1.210618869736923,50.0,0.026218220041703533,0.01376308331674969,0.041768544581318366,0.3788449247675873,50.0,0.00921476950730487
20260301_204447_w50_lp0_seed0_rs_drift_p05,rs_drift,0.05,50.0,0,0,0.011341814565462585,0.04135488826644318,-0.005074036544109379,0.010143515701490377,0.015293838549520263,0.0605187765297363,-0.01156197958050486,0.010011100127297737,0.38378732087326783,0.44312956648693813,0.05710099942936628,0.1212813259281944,6.521048271664977,50.0,0.06261146863066891,0.025049045962896418,0.059206744146366744,1.2549094073025946,50.0,0.021777674408952688
20260301_204447_w50_lp0_seed0_rs_drift_p08,rs_drift,0.08,50.0,0,0,0.013123928571107835,0.044359534140760104,-0.008122939859431631,0.010308023534101837,0.0211117247617598,0.06773668454034623,-0.018580185062622736,0.010024053344580366,0.6139182932692417,0.6892325237341197,0.0902492844174627,0.17529869146049304,16.289866675728153,50.0,0.09440260441826365,0.03785538711174499,0.0778096673644649,2.866060666760138,50.0,0.03358093669777599
20260301_204447_w50_lp0_seed0_rs_drift_p10,rs_drift,0.1,50.0,0,0,0.014573349615426829,0.04635972785138254,-0.010152275229026078,0.01045532527889806,0.02534049721093126,0.07255668731469506,-0.023267677208349796,0.010037728638753603,0.7674106554326685,0.8534768119269032,0.11230924321560844,0.2120540429148754,25.22673222332538,50.0,0.1134294035892253,0.04660718319909449,0.09014241569234878,4.344459051507911,50.0,0.04104586437843764
20260301_204447_w50_lp0_seed0_rs_drift_p15,rs_drift,0.15,50.0,0,0,0.018742469726597072,0.053143155155404465,-0.015213969892674768,0.010946017154983518,0.03644121150686991,0.08463492699843972,-0.035016783978868364,0.010088941265846274,1.1513566674864637,1.2658097380518996,0.1670841645457638,0.30191942633556046,55.83423608391174,50.0,0.15476907633711384,0.06869507411152084,0.1207290437812449,9.438026414374683,50.0,0.05842381654345235
20260301_204447_w50_lp0_seed0_rs_drift_p20,rs_drift,0.2,50.0,0,0,0.023341124177742312,0.060372377646286335,-0.02025866090866397,0.011592874366116326,0.04789987072071641,0.09675351324037428,-0.04680922823516311,0.010163354125964204,1.5355971344451105,1.6783152825495549,0.22123645496966876,0.389004218528596,97.89113801509254,50.0,0.18908342065679418,0.09082638286197907,0.15096097019617027,16.498863647581608,50.0,0.07417171500003733
20260301_204447_w50_lp0_seed0_rs_drift_p30,rs_drift,0.3,50.0,0,0,0.03306900005573575,0.07520479078368547,-0.030295132500189646,0.01325759071182257,0.07128303942503976,0.12111179180725747,-0.07052385204720553,0.010375837416596222,2.3049573456728294,2.505829716302273,0.3276305092836994,0.5556543425156657,214.68350122699252,50.0,0.24274584545239444,0.13487075359735934,0.21104237206163023,36.380240351839234,50.0,0.10162480659149757
20260301_204447_w50_lp0_seed0_rs_drift_p40,rs_drift,0.4,50.0,0,0,0.04305841706156706,0.08990697715464613,-0.04025784775475024,0.015275240554675397,0.09501128436188662,0.14563164264172085,-0.09441105247818889,0.01066289482532504,3.075511626413774,3.3352350649409743,0.4315697282047686,0.7138101086241346,372.5048606054756,50.0,0.28274112419126274,0.17848236982149143,0.26937688858365,63.71191267419126,50.0,0.12477137480668121
20260301_204447_w50_lp0_seed0_ld_mismatch_m20,ld_mismatch,-0.2,50.0,0,0,0.010027122791990849,0.03633563436993903,2.0304656491587282e-05,0.010027102233775575,0.010010820718744923,0.04852117653180117,0.00010023849700588572,0.010010318861383517,0.009982570427804621,0.038520201719414615,0.01004238961653435,0.03992961068105805,0.20169917842055388,41700.0,0.0032500334686951554,0.010181983200988485,0.037029384983912526,0.20734556381042343,15900.0,0.0028734950742802822
20260301_204447_w50_lp0_seed0_ld_mismatch_m10,ld_mismatch,-0.1,50.0,0,0,0.010027122791990849,0.03633563436993903,2.0304656491587282e-05,0.010027102233775575,0.010010820718744923,0.04852117653180117,0.00010023849700588572,0.010010318861383517,0.009982570427804621,0.038520201719414615,0.01004238961653435,0.03992961068105805,0.20169917842055388,41700.0,0.0032500334686951554,0.010181983200988485,0.037029384983912526,0.20734556381042343,15900.0,0.0028734950742802822
20260301_204447_w50_lp0_seed0_ld_mismatch_m05,ld_mismatch,-0.05,50.0,0,0,0.010027122791990849,0.03633563436993903,2.0304656491587282e-05,0.010027102233775575,0.010010820718744923,0.04852117653180117,0.00010023849700588572,0.010010318861383517,0.009982570427804621,0.038520201719414615,0.01004238961653435,0.03992961068105805,0.20169917842055388,41700.0,0.0032500334686951554,0.010181983200988485,0.037029384983912526,0.20734556381042343,15900.0,0.0028734950742802822
20260301_204447_w50_lp0_seed0_ld_mismatch_p05,ld_mismatch,0.05,50.0,0,0,0.010027122791990849,0.03633563436993903,2.0304656491587282e-05,0.010027102233775575,0.010010820718744923,0.04852117653180117,0.00010023849700588572,0.010010318861383517,0.009982570427804621,0.038520201719414615,0.01004238961653435,0.03992961068105805,0.20169917842055388,41700.0,0.0032500334686951554,0.010181983200988485,0.037029384983912526,0.20734556381042343,15900.0,0.0028734950742802822
20260301_204447_w50_lp0_seed0_ld_mismatch_p10,ld_mismatch,0.1,50.0,0,0,0.010027122791990849,0.03633563436993903,2.0304656491587282e-05,0.010027102233775575,0.010010820718744923,0.04852117653180117,0.00010023849700588572,0.010010318861383517,0.009982570427804621,0.038520201719414615,0.01004238961653435,0.03992961068105805,0.20169917842055388,41700.0,0.0032500334686951554,0.010181983200988485,0.037029384983912526,0.20734556381042343,15900.0,0.0028734950742802822
20260301_204447_w50_lp0_seed0_ld_mismatch_p20,ld_mismatch,0.2,50.0,0,0,0.010027122791990849,0.03633563436993903,2.0304656491587282e-05,0.010027102233775575,0.010010820718744923,0.04852117653180117,0.00010023849700588572,0.010010318861383517,0.009982570427804621,0.038520201719414615,0.01004238961653435,0.03992961068105805,0.20169917842055388,41700.0,0.0032500334686951554,0.010181983200988485,0.037029384983912526,0.20734556381042343,15900.0,0.0028734950742802822
20260301_204447_w50_lp0_seed1_healthy_r0,healthy,0.0,50.0,0,1,0.010094747856908767,0.038319813752010656,0.0001779997008444613,0.010093178409255603,0.010084278623424103,0.040416804391360736,2.6580310636545756e-06,0.010084278273119954,0.010005248298156784,0.03717130216526954,0.009934287857370152,0.03697891858664182,0.19738015046618412,29050.0,0.003245889816031455,0.010257669121989155,0.03622574393239545,0.2104395516324195,42400.0,0.003049899119176169
20260301_204447_w50_lp0_seed1_healthy_r1,healthy,0.0,50.0,0,1,0.009824477544465407,0.035273564682882785,4.6119943448553436e-05,0.009824369291334753,0.00998895822504164,0.03925030336645486,2.0865030959076426e-05,0.0099889364334803,0.009913132671241075,0.03730294684713442,0.009963139122414885,0.03686099898996131,0.19852828234518807,27200.0,0.002836001433811286,0.010167457123732364,0.0379249662251237,0.206754368725872,23350.0,0.003408279239411068
20260301_204447_w50_lp0_seed1_healthy_r2,healthy,0.0,50.0,0,1,0.010149329760759917,0.0362045199771579,8.287964323883541e-05,0.010148991356651338,0.0099001792424854,0.04115379966466685,-1.9718196748133522e-05,0.009900159606089984,0.010008644695536957,0.047153784978320346,0.010321729056239126,0.044752763565075515,0.21307618142082208,11500.0,0.0030772397703474424,0.010079467271749163,0.03559254414800161,0.20319132096452502,36250.0,0.0028229911299771813
20260301_204447_w50_lp0_seed1_rs_drift_p02,rs_drift,0.02,50.0,0,1,0.010288959225907408,0.04027560324897861,-0.001861641707891045,0.010119138901301124,0.011111480590274538,0.04491297979026107,-0.004657007272615585,0.010088472836403602,0.1537653863968783,0.1934152833755931,0.024718311594571017,0.06283131547866416,1.221989856172608,50.0,0.027745145150009864,0.013779450900653679,0.04440191194670016,0.3797465342470509,50.0,0.009683838380703694
20260301_204447_w50_lp0_seed1_rs_drift_p05,rs_drift,0.05,50.0,0,1,0.011339130732551658,0.0433304528072771,-0.0049163414997565056,0.010217899589821259,0.015427476261373165,0.05167287697998535,-0.01165956004644709,0.010102558256131329,0.38365054482734895,0.438669864881426,0.05725062322786666,0.11858578655564722,6.555267719958291,50.0,0.06367072293161866,0.025022337667972218,0.06359088401243472,1.2522347647400427,50.0,0.02163050905873922
20260301_204447_w50_lp0_seed1_rs_drift_p08,rs_drift,0.08,50.0,0,1,0.013089160584844807,0.04753661395406983,-0.007965244815078756,0.010386577870103117,0.021245935476880338,0.05845152559906021,-0.01867776552856497,0.010125751781853674,0.6137812623924117,0.6869309430542785,0.09040497212633893,0.17481276222948727,16.346117970328237,50.0,0.09504287300754129,0.03781188156547675,0.08316153585450545,2.859476775043281,50.0,0.032836255500933394
20260301_204447_w50_lp0_seed1_rs_drift_p10,rs_drift,0.1,50.0,0,1,0.014522574853069037,0.050337483719606,-0.009994580184673205,0.010536296659411736,0.02547310833963626,0.06298103591252045,-0.02336525767429203,0.010146131395600189,0.7672735487944322,0.8524697698927923,0.11246604408910416,0.21170238872618707,25.29722214610464,50.0,0.11383496182729518,0.04655690386996127,0.09605109890477206,4.33509059591363,50.0,0.03992869932303342
20260301_204447_w50_lp0_seed1_rs_drift_p15,rs_drift,0.15,50.0,0,1,0.018665251693382456,0.057327803649927844,-0.015056274848321893,0.011031781744990525,0.03656961669649142,0.07434121855612713,-0.0351143644448106,0.01021363182052915,1.151219477073105,1.266428019389437,0.16724050236885896,0.30191124121892843,55.93877126517663,50.0,0.15475512378722397,0.0686334465835987,0.12773782525219368,9.42109997988739,50.0,0.05646504398784643
20260301_204447_w50_lp0_seed1_rs_drift_p20,rs_drift,0.2,50.0,0,1,0.023248950206491335,0.06430026626155927,-0.020100965864311097,0.011681817368274233,0.04802512632723942,0.08575334587737757,-0.04690680870110535,0.010303594335241084,1.5354599195256213,1.6805470874185175,0.2213905390938427,0.38935141308851273,98.0275416005246,50.0,0.18877279006867384,0.09075674265161349,0.1586917705455188,16.4735726734624,50.0,0.07148475301823053
20260301_204447_w50_lp0_seed1_rs_drift_p30,rs_drift,0.3,50.0,0,1,0.032961633855527195,0.07818690629787772,-0.030137437455836778,0.013349313466293434,0.07140433042881979,0.10873305174648268,-0.07062143251314774,0.010544746264325057,2.3048201409486575,2.5092778871261956,0.32777837410759125,0.5564405092847302,214.87732506523207,50.0,0.24206692233122393,0.1347887512987961,0.21916031921778173,36.33601495337742,50.0,0.09775062146204799
20260301_204447_w50_lp0_seed1_rs_drift_p40,rs_drift,0.4,50.0,0,1,0.04294375188488179,0.0919880419379906,-0.040100152710397366,0.01536696386906335,0.09513021446752853,0.13191930607820512,-0.09450863294413112,0.010857071597326278,3.0753744627029604,3.338683235764897,0.43171058985745864,0.7139240757929071,372.7480667901498,50.0,0.28186415767978573,0.17839021789146328,0.27737024784444825,63.646139678727494,50.0,0.11997997185714532
20260301_204447_w50_lp0_seed1_ld_mismatch_m20,ld_mismatch,-0.2,50.0,0,1,0.010094747856908767,0.038319813752010656,0.0001779997008444613,0.010093178409255603,0.010084278623424103,0.040416804391360736,2.6580310636545756e-06,0.010084278273119954,0.010005248298156784,0.03717130216526954,0.009934287857370152,0.03697891858664182,0.19738015046618412,29050.0,0.003245889816031455,0.010257669121989155,0.03622574393239545,0.2104395516324195,42400.0,0.003049899119176169
20260301_204447_w50_lp0_seed1_ld_mismatch_m10,ld_mismatch,-0.1,50.0,0,1,0.010094747856908767,0.038319813752010656,0.0001779997008444613,0.010093178409255603,0.010084278623424103,0.040416804391360736,2.6580310636545756e-06,0.010084278273119954,0.010005248298156784,0.03717130216526954,0.009934287857370152,0.03697891858664182,0.19738015046618412,29050.0,0.003245889816031455,0.010257669121989155,0.03622574393239545,0.2104395516324195,42400.0,0.003049899119176169
20260301_204447_w50_lp0_seed1_ld_mismatch_m05,ld_mismatch,-0.05,50.0,0,1,0.010094747856908767,0.038319813752010656,0.0001779997008444613,0.010093178409255603,0.010084278623424103,0.040416804391360736,2.6580310636545756e-06,0.010084278273119954,0.010005248298156784,0.03717130216526954,0.009934287857370152,0.03697891858664182,0.19738015046618412,29050.0,0.003245889816031455,0.010257669121989155,0.03622574393239545,0.2104395516324195,42400.0,0.003049899119176169
20260301_204447_w50_lp0_seed1_ld_mismatch_p05,ld_mismatch,0.05,50.0,0,1,0.010094747856908767,0.038319813752010656,0.0001779997008444613,0.010093178409255603,0.010084278623424103,0.040416804391360736,2.6580310636545756e-06,0.010084278273119954,0.010005248298156784,0.03717130216526954,0.009934287857370152,0.03697891858664182,0.19738015046618412,29050.0,0.003245889816031455,0.010257669121989155,0.03622574393239545,0.2104395516324195,42400.0,0.003049899119176169
20260301_204447_w50_lp0_seed1_ld_mismatch_p10,ld_mismatch,0.1,50.0,0,1,0.010094747856908767,0.038319813752010656,0.0001779997008444613,0.010093178409255603,0.010084278623424103,0.040416804391360736,2.6580310636545756e-06,0.010084278273119954,0.010005248298156784,0.03717130216526954,0.009934287857370152,0.03697891858664182,0.19738015046618412,29050.0,0.003245889816031455,0.010257669121989155,0.03622574393239545,0.2104395516324195,42400.0,0.003049899119176169
20260301_204447_w50_lp0_seed1_ld_mismatch_p20,ld_mismatch,0.2,50.0,0,1,0.010094747856908767,0.038319813752010656,0.0001779997008444613,0.010093178409255603,0.010084278623424103,0.040416804391360736,2.6580310636545756e-06,0.010084278273119954,0.010005248298156784,0.03717130216526954,0.009934287857370152,0.03697891858664182,0.19738015046618412,29050.0,0.003245889816031455,0.010257669121989155,0.03622574393239545,0.2104395516324195,42400.0,0.003049899119176169
20260301_204447_w50_lp0_seed2_healthy_r0,healthy,0.0,50.0,0,2,0.009879709099846036,0.03744098799620499,-6.279644167642262e-05,0.009879509527526826,0.010048244838839522,0.043012985826781584,-0.000310880844984556,0.010043434544093309,0.010095092436631566,0.04372230280360867,0.010082793466342848,0.038974881823689245,0.20332544816985204,25950.0,0.0029234582591414174,0.00996765947073919,0.03487655625203592,0.19870847064923328,34150.0,0.003217978537309062
20260301_204447_w50_lp0_seed2_healthy_r1,healthy,0.0,50.0,0,2,0.009888579021728539,0.03340358448601055,-0.000118698133099097,0.00988786659609486,0.00994185361438834,0.03378129753407081,0.00010502838425445962,0.009941298825024193,0.0100184820034006,0.0380549717230636,0.010159684287403636,0.03853580472543072,0.20643836963943268,23950.0,0.002911942369273112,0.010110134658149831,0.036914101176258644,0.2044296456118448,44750.0,0.0030564018405912705
20260301_204447_w50_lp0_seed2_healthy_r2,healthy,0.0,50.0,0,2,0.010195988260976029,0.04079177943091983,-6.345079455959963e-05,0.010195790828309039,0.010000512671690776,0.04023209154458696,-0.00023088300766273346,0.00999784710492316,0.009950713552554719,0.0343827583613745,0.010009494478478277,0.036487076233723936,0.20037995942937423,22950.0,0.002915348181466889,0.010173028825718923,0.038441512857362185,0.20698103097781628,44700.0,0.0029168942581474368
20260301_204447_w50_lp0_seed2_rs_drift_p02,rs_drift,0.02,50.0,0,2,0.010123156155379544,0.04042976196883519,-0.002102437850411929,0.009902426249730619,0.011209032496399282,0.04134178113932342,-0.004970546148663795,0.010046695003300273,0.1535707319274443,0.19477982594555243,0.02458035586063284,0.07092427332561169,1.2083877884706944,50.0,0.0264463418775915,0.013508713287239304,0.04550137274309057,0.36497066935367145,50.0,0.008557450137413882
20260301_204447_w50_lp0_seed2_rs_drift_p05,rs_drift,0.05,50.0,0,2,0.011249699108382033,0.04490643006633377,-0.005157137642277388,0.009997982864945163,0.015638005716920977,0.04849665127860385,-0.011973098922495299,0.010059429655531924,0.383451987992326,0.43922343407160014,0.05706384559264328,0.12829246987421117,6.512564947642066,50.0,0.0613228081186165,0.024828898012197998,0.06539349439287576,1.2329483530002594,50.0,0.021131028288414355
20260301_204447_w50_lp0_seed2_rs_drift_p08,rs_drift,0.08,50.0,0,2,0.013063983570772467,0.04937498077404445,-0.00820604095759964,0.010165065594456837,0.02150123154034614,0.05566678335391323,-0.018991304404613177,0.010081334969283368,0.613581765188891,0.6866270418056573,0.09020695715226043,0.18456360296483876,16.2745902373395,50.0,0.09190532142329992,0.03765468964388331,0.08501531433468801,2.8357513043543463,50.0,0.03292517256131323
20260301_204447_w50_lp0_seed2_rs_drift_p10,rs_drift,0.1,50.0,0,2,0.014531108031747113,0.05234932332155218,-0.010235376327194089,0.010314561167156861,0.025743220743136393,0.060455353547902324,-0.02367879655034024,0.010100891453601664,0.767073737538979,0.851820937188009,0.11226450169277083,0.2214842749458641,25.206636680652288,50.0,0.1102726683397781,0.04641361467154777,0.0979492220046588,4.308447253757829,50.0,0.04038050980692697
20260301_204447_w50_lp0_seed2_rs_drift_p15,rs_drift,0.15,50.0,0,2,0.018732337505433825,0.05976797067755735,-0.015297070990842777,0.010812034383898295,0.03685774377888043,0.07245648059025753,-0.03542790332085881,0.010166461663601573,1.1510192390180876,1.2649821639957253,0.1670346066148061,0.311776421828323,55.80111961392605,50.0,0.15037282598443003,0.06851026964471224,0.1297805016695239,9.387314093582358,50.0,0.05772759167996346
20260301_204447_w50_lp0_seed2_rs_drift_p20,rs_drift,0.2,50.0,0,2,0.023351149869907564,0.0671607083717265,-0.020341762006831982,0.011466861763546766,0.04832100636136345,0.08450006166273591,-0.04722034757715356,0.010254678467301425,1.5352594570937164,1.6789598294914327,0.22118282241342377,0.3993080425494928,97.8436818615363,50.0,0.18382118382269963,0.0906445577376824,0.16091239699344378,16.432871694920077,50.0,0.07344094212199327
20260301_204447_w50_lp0_seed2_rs_drift_p30,rs_drift,0.3,50.0,0,2,0.03310161398311809,0.08186222243162833,-0.030378233598357656,0.01314837525061454,0.07170683963147527,0.10871469388611696,-0.07093497138919597,0.010492887302742804,2.3046194295109546,2.5074110580003364,0.3275696483378185,0.566604349406099,214.60374902432415,50.0,0.23642811332317495,0.13468891179314613,0.22117189470842769,36.28220592004379,50.0,0.10082482655337986
20260301_204447_w50_lp0_seed2_rs_drift_p40,rs_drift,0.4,50.0,0,2,0.04310298843250045,0.09644281422225154,-0.04034094885291825,0.015181418163613729,0.09543557128978303,0.13309944245422198,-0.09482217182017932,0.010802962497002813,3.0751736005152113,3.336541204599058,0.43150232660824844,0.7243266642385162,372.38851573666307,50.0,0.2758679270479503,0.17829782796980448,0.2789039555294358,63.58023091749999,50.0,0.12390857012928741
20260301_204447_w50_lp0_seed2_ld_mismatch_m20,ld_mismatch,-0.2,50.0,0,2,0.009879709099846036,0.03744098799620499,-6.279644167642262e-05,0.009879509527526826,0.010048244838839522,0.043012985826781584,-0.000310880844984556,0.010043434544093309,0.010095092436631566,0.04372230280360867,0.010082793466342848,0.038974881823689245,0.20332544816985204,25950.0,0.0029234582591414174,0.00996765947073919,0.03487655625203592,0.19870847064923328,34150.0,0.003217978537309062
20260301_204447_w50_lp0_seed2_ld_mismatch_m10,ld_mismatch,-0.1,50.0,0,2,0.009879709099846036,0.03744098799620499,-6.279644167642262e-05,0.009879509527526826,0.010048244838839522,0.043012985826781584,-0.000310880844984556,0.010043434544093309,0.010095092436631566,0.04372230280360867,0.010082793466342848,0.038974881823689245,0.20332544816985204,25950.0,0.0029234582591414174,0.00996765947073919,0.03487655625203592,0.19870847064923328,34150.0,0.003217978537309062
20260301_204447_w50_lp0_seed2_ld_mismatch_m05,ld_mismatch,-0.05,50.0,0,2,0.009879709099846036,0.03744098799620499,-6.279644167642262e-05,0.009879509527526826,0.010048244838839522,0.043012985826781584,-0.000310880844984556,0.010043434544093309,0.010095092436631566,0.04372230280360867,0.010082793466342848,0.038974881823689245,0.20332544816985204,25950.0,0.0029234582591414174,0.00996765947073919,0.03487655625203592,0.19870847064923328,34150.0,0.003217978537309062
20260301_204447_w50_lp0_seed2_ld_mismatch_p05,ld_mismatch,0.05,50.0,0,2,0.009879709099846036,0.03744098799620499,-6.279644167642262e-05,0.009879509527526826,0.010048244838839522,0.043012985826781584,-0.000310880844984556,0.010043434544093309,0.010095092436631566,0.04372230280360867,0.010082793466342848,0.038974881823689245,0.20332544816985204,25950.0,0.0029234582591414174,0.00996765947073919,0.03487655625203592,0.19870847064923328,34150.0,0.003217978537309062
20260301_204447_w50_lp0_seed2_ld_mismatch_p10,ld_mismatch,0.1,50.0,0,2,0.009879709099846036,0.03744098799620499,-6.279644167642262e-05,0.009879509527526826,0.010048244838839522,0.043012985826781584,-0.000310880844984556,0.010043434544093309,0.010095092436631566,0.04372230280360867,0.010082793466342848,0.038974881823689245,0.20332544816985204,25950.0,0.0029234582591414174,0.00996765947073919,0.03487655625203592,0.19870847064923328,34150.0,0.003217978537309062
20260301_204447_w50_lp0_seed2_ld_mismatch_p20,ld_mismatch,0.2,50.0,0,2,0.009879709099846036,0.03744098799620499,-6.279644167642262e-05,0.009879509527526826,0.010048244838839522,0.043012985826781584,-0.000310880844984556,0.010043434544093309,0.010095092436631566,0.04372230280360867,0.010082793466342848,0.038974881823689245,0.20332544816985204,25950.0,0.0029234582591414174,0.00996765947073919,0.03487655625203592,0.19870847064923328,34150.0,0.003217978537309062
20260301_204447_w50_lp1_seed0_healthy_r0,healthy,0.0,50.0,1,0,0.010027122791990849,0.03633563436993903,2.0304656491586835e-05,0.010027102233775575,0.010010820718744923,0.04852117653180117,0.00010023849700588572,0.010010318861383517,0.00998257042780462,0.038520201719414615,0.01004238961653435,0.03992961068105805,0.20169917842055388,41700.0,0.0032500334686951554,0.010181983200988485,0.037029384983912526,0.20734556381042343,15900.0,0.0028734950742802822
20260301_204447_w50_lp1_seed0_healthy_r1,healthy,0.0,50.0,1,0,0.00999102450226232,0.03786780301309145,-0.00016684970125237895,0.00998963121351324,0.009727897688314557,0.04403334062542879,0.00013973796723125385,0.00972689399216573,0.010008588860473046,0.03509791972238219,0.009957792292358698,0.033603293576007776,0.19831525467551658,47950.0,0.0026346846925532487,0.0098708461248599,0.036444821321153086,0.19486720644132338,750.0,0.0031275571120317792
20260301_204447_w50_lp1_seed0_healthy_r2,healthy,0.0,50.0,1,0,0.009992599960675074,0.04498193698573516,-0.00010314922438967607,0.00999206756440284,0.009770876928893288,0.03769165771418794,0.00019539075596020257,0.009768923093773666,0.010083768057452563,0.03877337908319589,0.009837028593487899,0.03263150883709276,0.19353426309819705,20900.0,0.003175037057689727,0.01006266207071666,0.032849952874481794,0.20251433589887938,19000.0,0.00284474476362126
20260301_204447_w50_lp1_seed0_rs_drift_p02,rs_drift,0.02,50.0,1,0,0.01008022050023647,0.037235594080359924,-0.0009242066298065007,0.010037763069469675,0.010489968761876554,0.051781818125761096,-0.0031378651272625504,0.010009657689864098,0.13279575455082773,0.1710880799957124,0.020312973575023083,0.05818797701044254,0.825233790919172,50.0,0.0154704921488108,0.012591207721887253,0.04016949745467916,0.3170770237914264,50.0,0.0061712395501964815
20260301_204447_w50_lp1_seed0_rs_drift_p05,rs_drift,0.05,50.0,1,0,0.010344836178512538,0.03857770989101983,-0.0023339208384895085,0.01007811733807095,0.012814528736598331,0.05667823203658885,-0.008002200202028038,0.010008843023435169,0.3309587766430484,0.3757466128721916,0.04537288313445027,0.0957483364321492,4.117397047864965,50.0,0.03835493485057111,0.020905848564466624,0.05176181396674287,0.8741090084008224,50.0,0.014299545113214027
20260301_204447_w50_lp1_seed0_rs_drift_p08,rs_drift,0.08,50.0,1,0,0.010813155920598495,0.03991037722528823,-0.003735142695939717,0.01014756374723226,0.016307489039370508,0.061581173484519525,-0.012875167069477226,0.010008210214730626,0.5294367625450499,0.5805040504137509,0.07137724368551851,0.1343436900540338,10.189421832283784,50.0,0.05909612309253996,0.030798018538542103,0.065922007501708,1.8970358918007664,50.0,0.022061554451221644
20260301_204447_w50_lp1_seed0_rs_drift_p10,rs_drift,0.1,50.0,1,0,0.01122493216444448,0.04079353964654908,-0.004664557461539107,0.010209848470196807,0.018981301734441187,0.06485341962869648,-0.01612861682284621,0.010007873646069998,0.6618561444926163,0.7174130433864505,0.08875733695964004,0.15998897107554555,15.755729728334167,50.0,0.07187191505710566,0.037650109808716824,0.07530361415142778,2.8350615372168693,50.0,0.02702345006699868
20260301_204447_w50_lp1_seed0_rs_drift_p15,rs_drift,0.15,50.0,1,0,0.012537265583630962,0.04298281150551775,-0.006971468293599356,0.010420252307206208,0.026260625487964973,0.0730466655040706,-0.024279106312503778,0.010007269741807436,0.993215969339217,1.0599508619176135,0.1320523195815406,0.22505832855425645,34.875630213730666,50.0,0.10062934455403727,0.05506593620784617,0.09855159827598978,6.064514660893167,50.0,0.03873092198158387
20260301_204447_w50_lp1_seed0_rs_drift_p20,rs_drift,0.2,50.0,1,0,0.014151344194814116,0.04689025816008563,-0.009254538466464908,0.010705795640344556,0.033961539204105676,0.08125789687337336,-0.03245377883940962,0.010006916815617854,1.3250064386711038,1.402748989668666,0.1749988440752344,0.2881192618635233,61.24919085533639,50.0,0.1254870441338416,0.07258565450750583,0.12150372428742126,10.537354480566002,50.0,0.049532982665573703
20260301_204447_w50_lp1_seed0_rs_drift_p30,rs_drift,0.3,50.0,1,0,0.017913508813302923,0.05511524699807646,-0.013748829472041956,0.011483182753618097,0.049890039858055873,0.09773403194802963,-0.04887620046299425,0.010006653053823967,1.9898777374327599,2.0892497281881077,0.25971361758352524,0.40912792958260713,134.9023263166432,50.0,0.16630336006707805,0.10750598112391783,0.16651626804640018,23.115071954832356,50.0,0.06882743172931048
20260301_204447_w50_lp1_seed0_rs_drift_p40,rs_drift,0.4,50.0,1,0,0.0220354597763877,0.06333074259050742,-0.018147093067305282,0.012499780028598933,0.06615830486301862,0.114281276271609,-0.06539713541367587,0.010006796791853706,2.656498881475242,2.7778882393411664,0.34285650704500475,0.5245149181192821,235.10116884620277,50.0,0.1983100135537292,0.14208393717619391,0.21033976265595225,40.375690406977235,50.0,0.08559441616390574
20260301_204447_w50_lp1_seed0_ld_mismatch_m20,ld_mismatch,-0.2,50.0,1,0,0.010027122791990849,0.03633563436993903,2.0304656491586835e-05,0.010027102233775575,0.010010820718744923,0.04852117653180117,0.00010023849700588572,0.010010318861383517,0.00998257042780462,0.038520201719414615,0.01004238961653435,0.03992961068105805,0.20169917842055388,41700.0,0.0032500334686951554,0.010181983200988485,0.037029384983912526,0.20734556381042343,15900.0,0.0028734950742802822
20260301_204447_w50_lp1_seed0_ld_mismatch_m10,ld_mismatch,-0.1,50.0,1,0,0.010027122791990849,0.03633563436993903,2.0304656491586835e-05,0.010027102233775575,0.010010820718744923,0.04852117653180117,0.00010023849700588572,0.010010318861383517,0.00998257042780462,0.038520201719414615,0.01004238961653435,0.03992961068105805,0.20169917842055388,41700.0,0.0032500334686951554,0.010181983200988485,0.037029384983912526,0.20734556381042343,15900.0,0.0028734950742802822
20260301_204447_w50_lp1_seed0_ld_mismatch_m05,ld_mismatch,-0.05,50.0,1,0,0.010027122791990849,0.03633563436993903,2.0304656491586835e-05,0.010027102233775575,0.010010820718744923,0.04852117653180117,0.00010023849700588572,0.010010318861383517,0.00998257042780462,0.038520201719414615,0.01004238961653435,0.03992961068105805,0.20169917842055388,41700.0,0.0032500334686951554,0.010181983200988485,0.037029384983912526,0.20734556381042343,15900.0,0.0028734950742802822
20260301_204447_w50_lp1_seed0_ld_mismatch_p05,ld_mismatch,0.05,50.0,1,0,0.010027122791990849,0.03633563436993903,2.0304656491586835e-05,0.010027102233775575,0.010010820718744923,0.04852117653180117,0.00010023849700588572,0.010010318861383517,0.00998257042780462,0.038520201719414615,0.01004238961653435,0.03992961068105805,0.20169917842055388,41700.0,0.0032500334686951554,0.010181983200988485,0.037029384983912526,0.20734556381042343,15900.0,0.0028734950742802822
20260301_204447_w50_lp1_seed0_ld_mismatch_p10,ld_mismatch,0.1,50.0,1,0,0.010027122791990849,0.03633563436993903,2.0304656491586835e-05,0.010027102233775575,0.010010820718744923,0.04852117653180117,0.00010023849700588572,0.010010318861383517,0.00998257042780462,0.038520201719414615,0.01004238961653435,0.03992961068105805,0.20169917842055388,41700.0,0.0032500334686951554,0.010181983200988485,0.037029384983912526,0.20734556381042343,15900.0,0.0028734950742802822
20260301_204447_w50_lp1_seed0_ld_mismatch_p20,ld_mismatch,0.2,50.0,1,0,0.010027122791990849,0.03633563436993903,2.0304656491586835e-05,0.010027102233775575,0.010010820718744923,0.04852117653180117,0.00010023849700588572,0.010010318861383517,0.00998257042780462,0.038520201719414615,0.01004238961653435,0.03992961068105805,0.20169917842055388,41700.0,0.0032500334686951554,0.010181983200988485,0.037029384983912526,0.20734556381042343,15900.0,0.0028734950742802822
20260301_204447_w50_lp1_seed1_healthy_r0,healthy,0.0,50.0,1,1,0.010094747856908767,0.038319813752010656,0.00017799970084446084,0.010093178409255603,0.010084278623424103,0.040416804391360736,2.6580310636545756e-06,0.010084278273119954,0.010005248298156787,0.03717130216526954,0.009934287857370152,0.03697891858664182,0.19738015046618412,29050.0,0.0032458898160314578,0.010257669121989155,0.03622574393239545,0.2104395516324195,42400.0,0.003049899119176169
20260301_204447_w50_lp1_seed1_healthy_r1,healthy,0.0,50.0,1,1,0.009824477544465407,0.035273564682882785,4.61199434485537e-05,0.009824369291334753,0.00998895822504164,0.03925030336645486,2.0865030959076426e-05,0.0099889364334803,0.009913132671241075,0.03730294684713442,0.009963139122414887,0.03686099898996131,0.19852828234518816,27200.0,0.002836001433811284,0.010167457123732364,0.0379249662251237,0.206754368725872,23350.0,0.003408279239411068
20260301_204447_w50_lp1_seed1_healthy_r2,healthy,0.0,50.0,1,1,0.010149329760759919,0.0362045199771579,8.287964323883541e-05,0.010148991356651338,0.0099001792424854,0.04115379966466685,-1.9718196748133522e-05,0.009900159606089984,0.010008644695536953,0.047153784978320346,0.010321729056239124,0.044752763565075515,0.21307618142082202,11500.0,0.0030772397703474415,0.010079467271749163,0.03559254414800161,0.20319132096452502,36250.0,0.0028229911299771813
20260301_204447_w50_lp1_seed1_rs_drift_p02,rs_drift,0.02,50.0,1,1,0.010135013196012465,0.03918808264908735,-0.0007665115854536265,0.010105985972319187,0.01059086965646841,0.04363606289630166,-0.0032354455932047813,0.010084563049221075,0.13266933586550128,0.16956047421206932,0.020346928903233898,0.0575338816998916,0.8279950315865101,50.0,0.01717390086640242,0.01260358345253452,0.041874634546664666,0.31770063169000395,50.0,0.006677750684524531
20260301_204447_w50_lp1_seed1_rs_drift_p05,rs_drift,0.05,50.0,1,1,0.010380073544364925,0.04048262434341199,-0.002176225794136635,0.010149382645233107,0.012935031857895634,0.04847448903881773,-0.008099780667970269,0.01008506828412927,0.33083095837579557,0.37166599853247817,0.04544391341618879,0.09333364012750334,4.130298533156127,50.0,0.03976813323853528,0.020866695335339174,0.05540540699440188,0.8708379484357314,50.0,0.014434567212594096
20260301_204447_w50_lp1_seed1_rs_drift_p08,rs_drift,0.08,50.0,1,1,0.01082959070933017,0.04206653572227825,-0.0035774476515868427,0.010221638969938534,0.01643204848475142,0.05332440092508882,-0.012972747535419455,0.010085635269406182,0.5293086585814246,0.5747951282779056,0.07145590780747577,0.13288271298555676,10.211893521180953,50.0,0.06023776186863187,0.030738020989625105,0.070156691034574,1.889651868717267,50.0,0.021796484887071112
20260301_204447_w50_lp1_seed1_rs_drift_p10,rs_drift,0.1,50.0,1,1,0.011229719700742607,0.043499173083657805,-0.004506862417186233,0.010285659711938795,0.019105431209153916,0.056564079589237794,-0.01622619728878844,0.01008603109419296,0.6617279598643415,0.7118137498779262,0.0888376849120224,0.15962518800826375,15.784268521055544,50.0,0.07284297901602212,0.03758203633999124,0.07987068320870835,2.824818910920845,50.0,0.026500155717838175
20260301_204447_w50_lp1_seed1_rs_drift_p15,rs_drift,0.15,50.0,1,1,0.01251700736782449,0.04706865496530588,-0.006813773249246483,0.010499903216412311,0.02638125854032437,0.06468579810366892,-0.02437668677844601,0.010087018582166528,0.9930877056703991,1.0555408127892392,0.13213299803468814,0.22502442774540454,34.9182583392698,50.0,0.10121484099826746,0.05498516560969222,0.10374596393318106,6.046736874250561,50.0,0.03760358973211588
20260301_204447_w50_lp1_seed1_rs_drift_p20,rs_drift,0.2,50.0,1,1,0.014111900188215506,0.05062114669911599,-0.009096843422112033,0.010788566479182202,0.03407868671989036,0.07283988928464731,-0.03255135930535186,0.010087908401958997,1.3248781643330463,1.399494811375348,0.17507769575506388,0.28842180931933026,61.30439910180543,50.0,0.1257990072645494,0.07249661483066983,0.12705398041690558,10.511518323812993,50.0,0.04786035350371994
20260301_204447_w50_lp1_seed1_rs_drift_p30,rs_drift,0.3,50.0,1,1,0.017849036077295797,0.05767713223967652,-0.013591134427689082,0.01157018382987459,0.050002201093439363,0.08924630003202307,-0.04897378092893648,0.010089048305627568,1.989749508788959,2.088098743644842,0.2597867730198687,0.4095824070206784,134.9783348721535,50.0,0.16621841624149852,0.10740507220382835,0.17267613365354892,23.07169907021916,50.0,0.06621540980945721
20260301_204447_w50_lp1_seed1_rs_drift_p40,rs_drift,0.4,50.0,1,1,0.021956701180815264,0.06467215425881623,-0.017989398022952408,0.012588815890122878,0.06626724225002273,0.10578584256598743,-0.06549471587961811,0.010089082578277255,2.6563707317119927,2.7776568306111926,0.34292306717271964,0.5237956253341607,235.19245999829116,50.0,0.19796140144709012,0.14197379140268648,0.21665907296859166,40.313114890507066,50.0,0.08220399919283243
20260301_204447_w50_lp1_seed1_ld_mismatch_m20,ld_mismatch,-0.2,50.0,1,1,0.010094747856908767,0.038319813752010656,0.00017799970084446084,0.010093178409255603,0.010084278623424103,0.040416804391360736,2.6580310636545756e-06,0.010084278273119954,0.010005248298156787,0.03717130216526954,0.009934287857370152,0.03697891858664182,0.19738015046618412,29050.0,0.0032458898160314578,0.010257669121989155,0.03622574393239545,0.2104395516324195,42400.0,0.003049899119176169
20260301_204447_w50_lp1_seed1_ld_mismatch_m10,ld_mismatch,-0.1,50.0,1,1,0.010094747856908767,0.038319813752010656,0.00017799970084446084,0.010093178409255603,0.010084278623424103,0.040416804391360736,2.6580310636545756e-06,0.010084278273119954,0.010005248298156787,0.03717130216526954,0.009934287857370152,0.03697891858664182,0.19738015046618412,29050.0,0.0032458898160314578,0.010257669121989155,0.03622574393239545,0.2104395516324195,42400.0,0.003049899119176169
20260301_204447_w50_lp1_seed1_ld_mismatch_m05,ld_mismatch,-0.05,50.0,1,1,0.010094747856908767,0.038319813752010656,0.00017799970084446084,0.010093178409255603,0.010084278623424103,0.040416804391360736,2.6580310636545756e-06,0.010084278273119954,0.010005248298156787,0.03717130216526954,0.009934287857370152,0.03697891858664182,0.19738015046618412,29050.0,0.0032458898160314578,0.010257669121989155,0.03622574393239545,0.2104395516324195,42400.0,0.003049899119176169
20260301_204447_w50_lp1_seed1_ld_mismatch_p05,ld_mismatch,0.05,50.0,1,1,0.010094747856908767,0.038319813752010656,0.00017799970084446084,0.010093178409255603,0.010084278623424103,0.040416804391360736,2.6580310636545756e-06,0.010084278273119954,0.010005248298156787,0.03717130216526954,0.009934287857370152,0.03697891858664182,0.19738015046618412,29050.0,0.0032458898160314578,0.010257669121989155,0.03622574393239545,0.2104395516324195,42400.0,0.003049899119176169
20260301_204447_w50_lp1_seed1_ld_mismatch_p10,ld_mismatch,0.1,50.0,1,1,0.010094747856908767,0.038319813752010656,0.00017799970084446084,0.010093178409255603,0.010084278623424103,0.040416804391360736,2.6580310636545756e-06,0.010084278273119954,0.010005248298156787,0.03717130216526954,0.009934287857370152,0.03697891858664182,0.19738015046618412,29050.0,0.0032458898160314578,0.010257669121989155,0.03622574393239545,0.2104395516324195,42400.0,0.003049899119176169
20260301_204447_w50_lp1_seed1_ld_mismatch_p20,ld_mismatch,0.2,50.0,1,1,0.010094747856908767,0.038319813752010656,0.00017799970084446084,0.010093178409255603,0.010084278623424103,0.040416804391360736,2.6580310636545756e-06,0.010084278273119954,0.010005248298156787,0.03717130216526954,0.009934287857370152,0.03697891858664182,0.19738015046618412,29050.0,0.0032458898160314578,0.010257669121989155,0.03622574393239545,0.2104395516324195,42400.0,0.003049899119176169
20260301_204447_w50_lp1_seed2_healthy_r0,healthy,0.0,50.0,1,2,0.009879709099846035,0.03744098799620499,-6.279644167642262e-05,0.009879509527526826,0.010048244838839522,0.043012985826781584,-0.000310880844984556,0.010043434544093309,0.010095092436631566,0.04372230280360867,0.01008279346634285,0.038974881823689245,0.20332544816985212,25950.0,0.002923458259141414,0.00996765947073919,0.03487655625203592,0.19870847064923328,34150.0,0.003217978537309062
20260301_204447_w50_lp1_seed2_healthy_r1,healthy,0.0,50.0,1,2,0.00988857902172854,0.03340358448601055,-0.00011869813309909709,0.009887866596094861,0.00994185361438834,0.03378129753407081,0.00010502838425445962,0.009941298825024193,0.0100184820034006,0.0380549717230636,0.010159684287403638,0.03853580472543072,0.2064383696394327,23950.0,0.0029119423692731106,0.010110134658149831,0.036914101176258644,0.2044296456118448,44750.0,0.0030564018405912705
20260301_204447_w50_lp1_seed2_healthy_r2,healthy,0.0,50.0,1,2,0.010195988260976029,0.04079177943091983,-6.345079455959928e-05,0.010195790828309039,0.010000512671690776,0.04023209154458696,-0.00023088300766273346,0.00999784710492316,0.009950713552554714,0.0343827583613745,0.010009494478478279,0.036487076233723936,0.20037995942937425,22950.0,0.0029153481814668896,0.010173028825718923,0.038441512857362185,0.20698103097781628,44700.0,0.0029168942581474368
20260301_204447_w50_lp1_seed2_rs_drift_p02,rs_drift,0.02,50.0,1,2,0.00994109061543743,0.03906176713936116,-0.0010073077279745104,0.009889924861468915,0.01065223972117045,0.03983869126124505,-0.003548984469252992,0.010043650746331364,0.13246985931193486,0.16845786375551342,0.020261206552883222,0.06024177271431741,0.821032981957196,50.0,0.01617818108699344,0.012336972122606184,0.042205216688063374,0.30440176230792426,50.0,0.005345686019998116
20260301_204447_w50_lp1_seed2_rs_drift_p05,rs_drift,0.05,50.0,1,2,0.010220181242466816,0.04148953581919779,-0.002417021936657518,0.009930262312073479,0.013102185066941701,0.04473217849425296,-0.008413319544018479,0.010044068288229966,0.33062686881303877,0.3729175051173357,0.045299815945482665,0.10184622767869911,4.104146649389211,50.0,0.0380623343182803,0.020678837036627946,0.05720643725586092,0.8552286023748312,50.0,0.01348551061265415
20260301_204447_w50_lp1_seed2_rs_drift_p08,rs_drift,0.08,50.0,1,2,0.010704256433181694,0.043913367074258414,-0.003818243794107727,0.010000106005241618,0.016655891119795485,0.04963281402899494,-0.013286286411467665,0.010044565813758786,0.5291034616270256,0.5776855667381469,0.07129784204979303,0.14265731500218326,10.166764561914471,50.0,0.0579445546672517,0.03059234849283889,0.07200022477946494,1.8717835726146037,50.0,0.021236291209504158
20260301_204447_w50_lp1_seed2_rs_drift_p10,rs_drift,0.1,50.0,1,2,0.011126623807482956,0.04552715315701095,-0.0047476585597071175,0.0100628771011916,0.019351056829797927,0.05290387024506647,-0.016539736164836647,0.010044925486416693,0.6615223919314247,0.7142529299234752,0.08867527854714442,0.16943553634702369,15.726610050827304,50.0,0.07021325815298599,0.03745313281683203,0.08174975894104657,2.8054743155905206,50.0,0.02618726573885539
20260301_204447_w50_lp1_seed2_rs_drift_p15,rs_drift,0.15,50.0,1,2,0.012463826158267442,0.0495546813770984,-0.007054569391767366,0.010275213535506245,0.026655703171763807,0.0610953681739073,-0.024690225654494222,0.010045858286444944,0.9928816297515778,1.055866981915436,0.13196536782360133,0.23492764517054754,34.82971660963678,50.0,0.09789170974477865,0.05488082236524078,0.10573761472967322,6.023809326970224,50.0,0.03786120651599308
20260301_204447_w50_lp1_seed2_rs_drift_p20,rs_drift,0.2,50.0,1,2,0.014098963080402939,0.05357310505596313,-0.009337639564632917,0.010563581177970242,0.034366242343371906,0.06930662407847339,-0.032864898181400065,0.010046744762836117,1.3246718171259442,1.3994507867325652,0.17490800949752489,0.2984229509711418,61.18562357277251,50.0,0.12193712093108533,0.07240568878221451,0.1291896766331366,10.48516753605381,50.0,0.04862570960188758
20260301_204447_w50_lp1_seed2_rs_drift_p30,rs_drift,0.3,50.0,1,2,0.017891652303337943,0.06158738185106083,-0.013831930570209965,0.011348520557518895,0.05030112217682755,0.08578823026408197,-0.049287319804984686,0.010048034568476425,1.9895428528833081,2.08753998963239,0.2596161748994151,0.41979456088690226,134.80111653880732,50.0,0.1615883396094758,0.10732893982661629,0.1745599770205228,23.039002648610843,50.0,0.06784452811143672
20260301_204447_w50_lp1_seed2_rs_drift_p40,rs_drift,0.4,50.0,1,2,0.022033042925606178,0.06958126071367232,-0.018230194165473293,0.012373964653689127,0.06657099530376857,0.1023483641375465,-0.06580825475566633,0.010048433795756323,2.65616388306308,2.7766180057006196,0.3427532489810238,0.5342385444737991,234.95957937409537,50.0,0.19283381695088794,0.141906243122171,0.21799857669418635,40.27476367409741,50.0,0.08454037024242353
20260301_204447_w50_lp1_seed2_ld_mismatch_m20,ld_mismatch,-0.2,50.0,1,2,0.009879709099846035,0.03744098799620499,-6.279644167642262e-05,0.009879509527526826,0.010048244838839522,0.043012985826781584,-0.000310880844984556,0.010043434544093309,0.010095092436631566,0.04372230280360867,0.01008279346634285,0.038974881823689245,0.20332544816985212,25950.0,0.002923458259141414,0.00996765947073919,0.03487655625203592,0.19870847064923328,34150.0,0.003217978537309062
20260301_204447_w50_lp1_seed2_ld_mismatch_m10,ld_mismatch,-0.1,50.0,1,2,0.009879709099846035,0.03744098799620499,-6.279644167642262e-05,0.009879509527526826,0.010048244838839522,0.043012985826781584,-0.000310880844984556,0.010043434544093309,0.010095092436631566,0.04372230280360867,0.01008279346634285,0.038974881823689245,0.20332544816985212,25950.0,0.002923458259141414,0.00996765947073919,0.03487655625203592,0.19870847064923328,34150.0,0.003217978537309062
20260301_204447_w50_lp1_seed2_ld_mismatch_m05,ld_mismatch,-0.05,50.0,1,2,0.009879709099846035,0.03744098799620499,-6.279644167642262e-05,0.009879509527526826,0.010048244838839522,0.043012985826781584,-0.000310880844984556,0.010043434544093309,0.010095092436631566,0.04372230280360867,0.01008279346634285,0.038974881823689245,0.20332544816985212,25950.0,0.002923458259141414,0.00996765947073919,0.03487655625203592,0.19870847064923328,34150.0,0.003217978537309062
20260301_204447_w50_lp1_seed2_ld_mismatch_p05,ld_mismatch,0.05,50.0,1,2,0.009879709099846035,0.03744098799620499,-6.279644167642262e-05,0.009879509527526826,0.010048244838839522,0.043012985826781584,-0.000310880844984556,0.010043434544093309,0.010095092436631566,0.04372230280360867,0.01008279346634285,0.038974881823689245,0.20332544816985212,25950.0,0.002923458259141414,0.00996765947073919,0.03487655625203592,0.19870847064923328,34150.0,0.003217978537309062
20260301_204447_w50_lp1_seed2_ld_mismatch_p10,ld_mismatch,0.1,50.0,1,2,0.009879709099846035,0.03744098799620499,-6.279644167642262e-05,0.009879509527526826,0.010048244838839522,0.043012985826781584,-0.000310880844984556,0.010043434544093309,0.010095092436631566,0.04372230280360867,0.01008279346634285,0.038974881823689245,0.20332544816985212,25950.0,0.002923458259141414,0.00996765947073919,0.03487655625203592,0.19870847064923328,34150.0,0.003217978537309062
20260301_204447_w50_lp1_seed2_ld_mismatch_p20,ld_mismatch,0.2,50.0,1,2,0.009879709099846035,0.03744098799620499,-6.279644167642262e-05,0.009879509527526826,0.010048244838839522,0.043012985826781584,-0.000310880844984556,0.010043434544093309,0.010095092436631566,0.04372230280360867,0.01008279346634285,0.038974881823689245,0.20332544816985212,25950.0,0.002923458259141414,0.00996765947073919,0.03487655625203592,0.19870847064923328,34150.0,0.003217978537309062
20260301_204447_w50_lp2_seed0_healthy_r0,healthy,0.0,50.0,2,0,0.010027122791990849,0.03633563436993903,2.0304656491587015e-05,0.010027102233775575,0.010010820718744923,0.04852117653180117,0.00010023849700588572,0.010010318861383517,0.009982570427804623,0.038520201719414615,0.01004238961653435,0.03992961068105805,0.20169917842055385,41700.0,0.003250033468695157,0.010181983200988485,0.037029384983912526,0.20734556381042343,15900.0,0.0028734950742802822
20260301_204447_w50_lp2_seed0_healthy_r1,healthy,0.0,50.0,2,0,0.00999102450226232,0.03786780301309145,-0.00016684970125237895,0.00998963121351324,0.009727897688314557,0.04403334062542879,0.00013973796723125385,0.00972689399216573,0.010008588860473046,0.03509791972238219,0.009957792292358698,0.033603293576007776,0.19831525467551658,47950.0,0.0026346846925532504,0.0098708461248599,0.036444821321153086,0.19486720644132338,750.0,0.0031275571120317792
20260301_204447_w50_lp2_seed0_healthy_r2,healthy,0.0,50.0,2,0,0.009992599960675074,0.04498193698573516,-0.00010314922438967597,0.00999206756440284,0.009770876928893288,0.03769165771418794,0.00019539075596020257,0.009768923093773666,0.010083768057452563,0.03877337908319589,0.0098370285934879,0.03263150883709276,0.19353426309819707,20900.0,0.0031750370576897275,0.01006266207071666,0.032849952874481794,0.20251433589887938,19000.0,0.00284474476362126
20260301_204447_w50_lp2_seed0_rs_drift_p02,rs_drift,0.02,50.0,2,0,0.010772587552903444,0.04135634500766283,-0.003443491318900439,0.010207399772793632,0.01100613445172064,0.05404822180079281,-0.004399632811668489,0.01008851954906378,0.1418743542132727,0.19970728103423596,0.027847809918267158,0.0720837668154144,1.5510010344878773,50.0,0.030009551487930834,0.014634762403556807,0.043232731291748615,0.42835254121711963,50.0,0.009952936279061667
20260301_204447_w50_lp2_seed0_rs_drift_p05,rs_drift,0.05,50.0,2,0,0.014138788139960818,0.04887244209284436,-0.008611503854700232,0.011213711759590567,0.015409645110688234,0.06235636597686991,-0.01115210560667181,0.010634270213559416,0.35357147373956815,0.45233092923321294,0.06573324524273252,0.13456834345496782,8.641719060282437,50.0,0.07091885728419857,0.02792910551747261,0.06326235142883668,1.5600698700122377,50.0,0.023454084359007116
20260301_204447_w50_lp2_seed0_rs_drift_p08,rs_drift,0.08,50.0,2,0,0.018863763492978636,0.056369263576210304,-0.013746005462581513,0.012918548948767922,0.021354714390103592,0.07068530263680725,-0.01790761407879287,0.011633623025004586,0.565421683557815,0.7072903001246189,0.10412185429408913,0.19767934763933326,21.682721083279056,50.0,0.10614998040673482,0.04268274138814982,0.08427763163142729,3.643632824815355,50.0,0.036102946617001905
20260301_204447_w50_lp2_seed0_rs_drift_p10,rs_drift,0.1,50.0,2,0,0.02234914109521812,0.06135570292162029,-0.01715022691456197,0.014330171822870849,0.025665265999623557,0.0762493067183952,-0.0224128827093294,0.0125047418001843,0.7066711175614427,0.8786220355701388,0.12963952153130062,0.23985249407089615,33.61281108572911,50.0,0.12698856043383397,0.05271091857366446,0.098209738751616,5.55688187375897,50.0,0.04408762041862832
20260301_204447_w50_lp2_seed0_rs_drift_p15,rs_drift,0.15,50.0,2,0,0.03155775540790666,0.07377853625460995,-0.025594344979833865,0.018461349664596987,0.036952955775724224,0.09019836366103984,-0.03368125075632674,0.015201785686295866,1.05981390071713,1.3067785353114303,0.1929676405161993,0.3429666900889772,74.47302057277824,50.0,0.17174873321521417,0.07795825254435595,0.1327633133153034,12.154978279539163,50.0,0.06263423122207751
20260301_204447_w50_lp2_seed0_rs_drift_p20,rs_drift,0.2,50.0,2,0,0.041056778983301824,0.0861340356920759,-0.03394235363470352,0.02309925821796931,0.0485734156257146,0.10420180346709756,-0.044956381959182716,0.0183929450248862,1.4129741824477884,1.7346833729977291,0.25556042162671355,0.4428937355459164,130.6222582040472,50.0,0.20833782854013216,0.10322942848691231,0.16691672321672135,21.312629811469087,50.0,0.07939610531835116
20260301_204447_w50_lp2_seed0_rs_drift_p30,rs_drift,0.3,50.0,2,0,0.060257610140898296,0.11061549256657743,-0.050344142703711896,0.03311263920802421,0.07220583401469728,0.13236445041606076,-0.06752371733574292,0.025577921395623752,2.11936359903712,2.5897141856339445,0.37853019118268655,0.6351962033567706,286.57021127360247,50.0,0.2645670105853899,0.15353124302101276,0.2340049036810139,47.14368516715456,50.0,0.10853257007470284
20260301_204447_w50_lp2_seed0_rs_drift_p40,rs_drift,0.4,50.0,2,0,0.07941052139133216,0.1347455836721987,-0.066344133648331,0.043640426648872445,0.09608178343963705,0.16072169465241493,-0.09010870122571739,0.033348629242529744,2.825904732343389,3.443666655573793,0.49866581076129424,0.8168719111641347,497.33518164443785,50.0,0.3057178627465009,0.2033836005091093,0.29945030941118633,82.72977791209793,50.0,0.13304069123318937
20260301_204447_w50_lp2_seed0_ld_mismatch_m20,ld_mismatch,-0.2,50.0,2,0,0.010027122791990849,0.03633563436993903,2.0304656491587015e-05,0.010027102233775575,0.010010820718744923,0.04852117653180117,0.00010023849700588572,0.010010318861383517,0.009982570427804623,0.038520201719414615,0.01004238961653435,0.03992961068105805,0.20169917842055385,41700.0,0.003250033468695157,0.010181983200988485,0.037029384983912526,0.20734556381042343,15900.0,0.0028734950742802822
20260301_204447_w50_lp2_seed0_ld_mismatch_m10,ld_mismatch,-0.1,50.0,2,0,0.010027122791990849,0.03633563436993903,2.0304656491587015e-05,0.010027102233775575,0.010010820718744923,0.04852117653180117,0.00010023849700588572,0.010010318861383517,0.009982570427804623,0.038520201719414615,0.01004238961653435,0.03992961068105805,0.20169917842055385,41700.0,0.003250033468695157,0.010181983200988485,0.037029384983912526,0.20734556381042343,15900.0,0.0028734950742802822
20260301_204447_w50_lp2_seed0_ld_mismatch_m05,ld_mismatch,-0.05,50.0,2,0,0.010027122791990849,0.03633563436993903,2.0304656491587015e-05,0.010027102233775575,0.010010820718744923,0.04852117653180117,0.00010023849700588572,0.010010318861383517,0.009982570427804623,0.038520201719414615,0.01004238961653435,0.03992961068105805,0.20169917842055385,41700.0,0.003250033468695157,0.010181983200988485,0.037029384983912526,0.20734556381042343,15900.0,0.0028734950742802822
20260301_204447_w50_lp2_seed0_ld_mismatch_p05,ld_mismatch,0.05,50.0,2,0,0.010027122791990849,0.03633563436993903,2.0304656491587015e-05,0.010027102233775575,0.010010820718744923,0.04852117653180117,0.00010023849700588572,0.010010318861383517,0.009982570427804623,0.038520201719414615,0.01004238961653435,0.03992961068105805,0.20169917842055385,41700.0,0.003250033468695157,0.010181983200988485,0.037029384983912526,0.20734556381042343,15900.0,0.0028734950742802822
20260301_204447_w50_lp2_seed0_ld_mismatch_p10,ld_mismatch,0.1,50.0,2,0,0.010027122791990849,0.03633563436993903,2.0304656491587015e-05,0.010027102233775575,0.010010820718744923,0.04852117653180117,0.00010023849700588572,0.010010318861383517,0.009982570427804623,0.038520201719414615,0.01004238961653435,0.03992961068105805,0.20169917842055385,41700.0,0.003250033468695157,0.010181983200988485,0.037029384983912526,0.20734556381042343,15900.0,0.0028734950742802822
20260301_204447_w50_lp2_seed0_ld_mismatch_p20,ld_mismatch,0.2,50.0,2,0,0.010027122791990849,0.03633563436993903,2.0304656491587015e-05,0.010027102233775575,0.010010820718744923,0.04852117653180117,0.00010023849700588572,0.010010318861383517,0.009982570427804623,0.038520201719414615,0.01004238961653435,0.03992961068105805,0.20169917842055385,41700.0,0.003250033468695157,0.010181983200988485,0.037029384983912526,0.20734556381042343,15900.0,0.0028734950742802822
20260301_204447_w50_lp2_seed1_healthy_r0,healthy,0.0,50.0,2,1,0.010094747856908767,0.038319813752010656,0.00017799970084446084,0.010093178409255603,0.010084278623424103,0.040416804391360736,2.6580310636545756e-06,0.010084278273119954,0.010005248298156784,0.03717130216526954,0.009934287857370154,0.03697891858664182,0.19738015046618415,29050.0,0.003245889816031455,0.010257669121989155,0.03622574393239545,0.2104395516324195,42400.0,0.003049899119176169
20260301_204447_w50_lp2_seed1_healthy_r1,healthy,0.0,50.0,2,1,0.009824477544465407,0.035273564682882785,4.61199434485537e-05,0.009824369291334754,0.00998895822504164,0.03925030336645486,2.0865030959076426e-05,0.0099889364334803,0.009913132671241075,0.03730294684713442,0.009963139122414887,0.03686099898996131,0.19852828234518816,27200.0,0.0028360014338112854,0.010167457123732364,0.0379249662251237,0.206754368725872,23350.0,0.003408279239411068
20260301_204447_w50_lp2_seed1_healthy_r2,healthy,0.0,50.0,2,1,0.010149329760759917,0.0362045199771579,8.287964323883541e-05,0.010148991356651338,0.0099001792424854,0.04115379966466685,-1.9718196748133522e-05,0.009900159606089984,0.010008644695536953,0.047153784978320346,0.010321729056239124,0.044752763565075515,0.213076181420822,11500.0,0.00307723977034744,0.010079467271749163,0.03559254414800161,0.20319132096452502,36250.0,0.0028229911299771813
20260301_204447_w50_lp2_seed1_rs_drift_p02,rs_drift,0.02,50.0,2,1,0.010782935169191817,0.04333814577777906,-0.0032857962745475654,0.01027011361695493,0.011161310380633583,0.04392345106664672,-0.004497213277610721,0.010215180965040259,0.14172283828761523,0.1965111325454174,0.02796875669923568,0.06844493081730052,1.5645027026020817,50.0,0.03149606938377506,0.014636674301366762,0.04599852973998443,0.4284644692085804,50.0,0.010326601030203025
20260301_204447_w50_lp2_seed1_rs_drift_p05,rs_drift,0.05,50.0,2,1,0.014086754072442413,0.050855129009316435,-0.008453808810347359,0.011268085768912407,0.015615963546275842,0.04915724687081746,-0.011249686072614043,0.010830645444582222,0.3534187347501897,0.45366797451516305,0.06588307481019991,0.13280675824309895,8.681159092892795,50.0,0.07187575185897525,0.027887181325981957,0.06738396345254422,1.5553897646163937,50.0,0.02315965694359046
20260301_204447_w50_lp2_seed1_rs_drift_p08,rs_drift,0.08,50.0,2,1,0.018780270977697706,0.05835832661898266,-0.013588310418228638,0.012963656813322922,0.021573245025367834,0.055600481665937146,-0.018005194544735103,0.011883512541786594,0.5652688064161266,0.7107384709485416,0.10427645267460639,0.1973497607912833,21.747157164798853,50.0,0.10664237173609041,0.04262506031466304,0.08918820385104075,3.633791533657323,50.0,0.035170378294868944
20260301_204447_w50_lp2_seed1_rs_drift_p10,rs_drift,0.1,50.0,2,1,0.022253862872593264,0.06335214293254321,-0.016992531870209097,0.014369699836534966,0.025885976114347835,0.06157306653104053,-0.02251046317527163,0.012781346056942776,0.7065182548007906,0.8820702063940615,0.1297948247231801,0.23969610319754242,33.69339304984209,50.0,0.12725162983321125,0.052646946933254696,0.10354963968412338,5.543402042785871,50.0,0.0427596255729148
20260301_204447_w50_lp2_seed1_rs_drift_p15,rs_drift,0.15,50.0,2,1,0.03144690720415041,0.07580466893565019,-0.025436649935480993,0.018490127440508396,0.03717426322727425,0.07704358075367812,-0.033778831222268976,0.015521482137609822,1.0596611942877496,1.310226706135353,0.19312195525871168,0.34325097188078724,74.59217920589568,50.0,0.17158350032221073,0.07788369826511028,0.13901612740701952,12.131740910901486,50.0,0.06041842791673011
20260301_204447_w50_lp2_seed1_rs_drift_p20,rs_drift,0.2,50.0,2,1,0.040938808256523476,0.08820641239154359,-0.033784658590350646,0.023121048103358993,0.04879403122359571,0.09258328776377198,-0.045053962425124945,0.01873493936058142,1.4128217017327125,1.7381315438216518,0.2557122271609067,0.44363063568863037,130.77748623918228,50.0,0.20788265338637366,0.10314732465371036,0.17391559902372092,21.27874116643585,50.0,0.0764179983546306
20260301_204447_w50_lp2_seed1_rs_drift_p30,rs_drift,0.3,50.0,2,1,0.060133664158725675,0.11283205394279383,-0.05018644765935902,0.033126696733734654,0.07242551714326496,0.12386944172702312,-0.06762129780168515,0.025938689579182297,2.1192116452957483,2.593162356457867,0.3786755277848246,0.6354539793696508,286.79031068623095,50.0,0.26377510638315294,0.1534373672758975,0.24186096251961053,47.08605135311733,50.0,0.104323623047741
20260301_204447_w50_lp2_seed1_rs_drift_p40,rs_drift,0.4,50.0,2,1,0.0792844436092398,0.1371778840870661,-0.06618643860397813,0.0436506396671178,0.09630135799964287,0.155429414305797,-0.09020628169165963,0.03371614295764471,2.825753351848446,3.4471148263977156,0.4988040276146215,0.8162593714471766,497.6109159291361,50.0,0.304741604783101,0.20327998767196798,0.30738766519841865,82.64550677583091,50.0,0.12789263562532321
20260301_204447_w50_lp2_seed1_ld_mismatch_m20,ld_mismatch,-0.2,50.0,2,1,0.010094747856908767,0.038319813752010656,0.00017799970084446084,0.010093178409255603,0.010084278623424103,0.040416804391360736,2.6580310636545756e-06,0.010084278273119954,0.010005248298156784,0.03717130216526954,0.009934287857370154,0.03697891858664182,0.19738015046618415,29050.0,0.003245889816031455,0.010257669121989155,0.03622574393239545,0.2104395516324195,42400.0,0.003049899119176169
20260301_204447_w50_lp2_seed1_ld_mismatch_m10,ld_mismatch,-0.1,50.0,2,1,0.010094747856908767,0.038319813752010656,0.00017799970084446084,0.010093178409255603,0.010084278623424103,0.040416804391360736,2.6580310636545756e-06,0.010084278273119954,0.010005248298156784,0.03717130216526954,0.009934287857370154,0.03697891858664182,0.19738015046618415,29050.0,0.003245889816031455,0.010257669121989155,0.03622574393239545,0.2104395516324195,42400.0,0.003049899119176169
20260301_204447_w50_lp2_seed1_ld_mismatch_m05,ld_mismatch,-0.05,50.0,2,1,0.010094747856908767,0.038319813752010656,0.00017799970084446084,0.010093178409255603,0.010084278623424103,0.040416804391360736,2.6580310636545756e-06,0.010084278273119954,0.010005248298156784,0.03717130216526954,0.009934287857370154,0.03697891858664182,0.19738015046618415,29050.0,0.003245889816031455,0.010257669121989155,0.03622574393239545,0.2104395516324195,42400.0,0.003049899119176169
20260301_204447_w50_lp2_seed1_ld_mismatch_p05,ld_mismatch,0.05,50.0,2,1,0.010094747856908767,0.038319813752010656,0.00017799970084446084,0.010093178409255603,0.010084278623424103,0.040416804391360736,2.6580310636545756e-06,0.010084278273119954,0.010005248298156784,0.03717130216526954,0.009934287857370154,0.03697891858664182,0.19738015046618415,29050.0,0.003245889816031455,0.010257669121989155,0.03622574393239545,0.2104395516324195,42400.0,0.003049899119176169
20260301_204447_w50_lp2_seed1_ld_mismatch_p10,ld_mismatch,0.1,50.0,2,1,0.010094747856908767,0.038319813752010656,0.00017799970084446084,0.010093178409255603,0.010084278623424103,0.040416804391360736,2.6580310636545756e-06,0.010084278273119954,0.010005248298156784,0.03717130216526954,0.009934287857370154,0.03697891858664182,0.19738015046618415,29050.0,0.003245889816031455,0.010257669121989155,0.03622574393239545,0.2104395516324195,42400.0,0.003049899119176169
20260301_204447_w50_lp2_seed1_ld_mismatch_p20,ld_mismatch,0.2,50.0,2,1,0.010094747856908767,0.038319813752010656,0.00017799970084446084,0.010093178409255603,0.010084278623424103,0.040416804391360736,2.6580310636545756e-06,0.010084278273119954,0.010005248298156784,0.03717130216526954,0.009934287857370154,0.03697891858664182,0.19738015046618415,29050.0,0.003245889816031455,0.010257669121989155,0.03622574393239545,0.2104395516324195,42400.0,0.003049899119176169
20260301_204447_w50_lp2_seed2_healthy_r0,healthy,0.0,50.0,2,2,0.009879709099846035,0.03744098799620499,-6.27964416764227e-05,0.009879509527526826,0.010048244838839522,0.043012985826781584,-0.000310880844984556,0.010043434544093309,0.010095092436631566,0.04372230280360867,0.01008279346634285,0.038974881823689245,0.2033254481698521,25950.0,0.002923458259141417,0.00996765947073919,0.03487655625203592,0.19870847064923328,34150.0,0.003217978537309062
20260301_204447_w50_lp2_seed2_healthy_r1,healthy,0.0,50.0,2,2,0.00988857902172854,0.03340358448601055,-0.00011869813309909736,0.00988786659609486,0.00994185361438834,0.03378129753407081,0.00010502838425445962,0.009941298825024193,0.0100184820034006,0.0380549717230636,0.010159684287403638,0.03853580472543072,0.2064383696394327,23950.0,0.0029119423692731106,0.010110134658149831,0.036914101176258644,0.2044296456118448,44750.0,0.0030564018405912705
20260301_204447_w50_lp2_seed2_healthy_r2,healthy,0.0,50.0,2,2,0.010195988260976027,0.04079177943091983,-6.34507945595999e-05,0.010195790828309037,0.010000512671690776,0.04023209154458696,-0.00023088300766273346,0.00999784710492316,0.009950713552554717,0.0343827583613745,0.010009494478478277,0.036487076233723936,0.20037995942937423,22950.0,0.0029153481814668887,0.010173028825718923,0.038441512857362185,0.20698103097781628,44700.0,0.0029168942581474368
20260301_204447_w50_lp2_seed2_rs_drift_p02,rs_drift,0.02,50.0,2,2,0.010686410774702304,0.04160164072743511,-0.003526592417068449,0.010087741133155076,0.011252702835652894,0.04196551575547154,-0.004810752153658932,0.010172511234870996,0.14154191999047958,0.19640337002137898,0.0278213798034147,0.07667942991656185,1.5480583483317025,50.0,0.03007410216311158,0.014376735075604503,0.04705999874281705,0.41338102286823364,50.0,0.009183355529758677
20260301_204447_w50_lp2_seed2_rs_drift_p05,rs_drift,0.05,50.0,2,2,0.014130829268613832,0.049025319446247106,-0.008694604952868243,0.011139307901852448,0.01581345474841979,0.05005837117635906,-0.011563224948662253,0.010786898528629775,0.35323351198359204,0.45215444751524814,0.06569393819567028,0.14254242965921549,8.631387031313093,50.0,0.06930513183134152,0.02770690694772316,0.06926470547784647,1.5353453852195798,50.0,0.022697109061205197
20260301_204447_w50_lp2_seed2_rs_drift_p08,rs_drift,0.08,50.0,2,2,0.018900688075635417,0.0564163823070154,-0.013829106560749522,0.012883781334061106,0.021812097798723708,0.05816893176600834,-0.01831873342078331,0.011840254061436527,0.5650824910591494,0.7089253620183911,0.10407780322005829,0.2071471870948285,21.66437824622635,50.0,0.10323407484474409,0.04247864897312228,0.09116920627433822,3.608871237163484,50.0,0.03533926035132897
20260301_204447_w50_lp2_seed2_rs_drift_p10,rs_drift,0.1,50.0,2,2,0.022404357029215397,0.061324785523808156,-0.017233328012729983,0.01431669024244813,0.02613838678236239,0.0635855752448328,-0.02282400205131984,0.012738924363764966,0.706331549887831,0.8800571104555033,0.12959319855119134,0.24953640011937717,33.588794221457,50.0,0.12340071840079599,0.052513237964511766,0.10560857030619286,5.51528032303488,50.0,0.04331533775573609
20260301_204447_w50_lp2_seed2_rs_drift_p15,rs_drift,0.15,50.0,2,2,0.03163926783878129,0.07352571748038272,-0.02567744607800188,0.01848545461397817,0.037442934281560196,0.07876202188554329,-0.03409237009831719,0.01548171917755273,1.0594739025204436,1.3077127064194798,0.1929166938146568,0.3532044761290427,74.43370150475607,50.0,0.16690515038432718,0.07776823038678589,0.14114753329191082,12.095795314984418,50.0,0.06183313506156056
20260301_204447_w50_lp2_seed2_rs_drift_p20,rs_drift,0.2,50.0,2,2,0.04115182261565762,0.08562036018481756,-0.03402545473287154,0.023146078173458675,0.04906946113511074,0.09417581528239923,-0.04536750130117316,0.018697642679712193,1.4126340404962243,1.7354010398723076,0.2555055028863673,0.45370603214579486,130.5661240104309,50.0,0.20265812568417899,0.1030418347303665,0.1759091628858467,21.235239409200325,50.0,0.07856270789550103
20260301_204447_w50_lp2_seed2_rs_drift_p30,rs_drift,0.3,50.0,2,2,0.060365999147087776,0.10946083028709586,-0.0504272438018799,0.03318353410310552,0.07270623008169705,0.12521006362047274,-0.06793483667773334,0.02590470726069615,2.1190234556710217,2.591269753737933,0.3784681637152241,0.6457991594016255,286.4763018919474,50.0,0.25793054410439437,0.15334321551778884,0.24320376865922225,47.02828349067007,50.0,0.10763493782502193
20260301_204447_w50_lp2_seed2_rs_drift_p40,rs_drift,0.4,50.0,2,2,0.07952526751342326,0.13278867965585883,-0.06642723474649902,0.04372288482036662,0.09658383894604276,0.1565174686268908,-0.09051982056770784,0.03368382445544307,2.8255647327291746,3.446064658286332,0.4985973221397429,0.8269081746189624,497.19857928984504,50.0,0.2986309736205213,0.20319282673265535,0.3076866245632886,82.57464967121379,50.0,0.1320868814175822
20260301_204447_w50_lp2_seed2_ld_mismatch_m20,ld_mismatch,-0.2,50.0,2,2,0.009879709099846035,0.03744098799620499,-6.27964416764227e-05,0.009879509527526826,0.010048244838839522,0.043012985826781584,-0.000310880844984556,0.010043434544093309,0.010095092436631566,0.04372230280360867,0.01008279346634285,0.038974881823689245,0.2033254481698521,25950.0,0.002923458259141417,0.00996765947073919,0.03487655625203592,0.19870847064923328,34150.0,0.003217978537309062
20260301_204447_w50_lp2_seed2_ld_mismatch_m10,ld_mismatch,-0.1,50.0,2,2,0.009879709099846035,0.03744098799620499,-6.27964416764227e-05,0.009879509527526826,0.010048244838839522,0.043012985826781584,-0.000310880844984556,0.010043434544093309,0.010095092436631566,0.04372230280360867,0.01008279346634285,0.038974881823689245,0.2033254481698521,25950.0,0.002923458259141417,0.00996765947073919,0.03487655625203592,0.19870847064923328,34150.0,0.003217978537309062
20260301_204447_w50_lp2_seed2_ld_mismatch_m05,ld_mismatch,-0.05,50.0,2,2,0.009879709099846035,0.03744098799620499,-6.27964416764227e-05,0.009879509527526826,0.010048244838839522,0.043012985826781584,-0.000310880844984556,0.010043434544093309,0.010095092436631566,0.04372230280360867,0.01008279346634285,0.038974881823689245,0.2033254481698521,25950.0,0.002923458259141417,0.00996765947073919,0.03487655625203592,0.19870847064923328,34150.0,0.003217978537309062
20260301_204447_w50_lp2_seed2_ld_mismatch_p05,ld_mismatch,0.05,50.0,2,2,0.009879709099846035,0.03744098799620499,-6.27964416764227e-05,0.009879509527526826,0.010048244838839522,0.043012985826781584,-0.000310880844984556,0.010043434544093309,0.010095092436631566,0.04372230280360867,0.01008279346634285,0.038974881823689245,0.2033254481698521,25950.0,0.002923458259141417,0.00996765947073919,0.03487655625203592,0.19870847064923328,34150.0,0.003217978537309062
20260301_204447_w50_lp2_seed2_ld_mismatch_p10,ld_mismatch,0.1,50.0,2,2,0.009879709099846035,0.03744098799620499,-6.27964416764227e-05,0.009879509527526826,0.010048244838839522,0.043012985826781584,-0.000310880844984556,0.010043434544093309,0.010095092436631566,0.04372230280360867,0.01008279346634285,0.038974881823689245,0.2033254481698521,25950.0,0.002923458259141417,0.00996765947073919,0.03487655625203592,0.19870847064923328,34150.0,0.003217978537309062
20260301_204447_w50_lp2_seed2_ld_mismatch_p20,ld_mismatch,0.2,50.0,2,2,0.009879709099846035,0.03744098799620499,-6.27964416764227e-05,0.009879509527526826,0.010048244838839522,0.043012985826781584,-0.000310880844984556,0.010043434544093309,0.010095092436631566,0.04372230280360867,0.01008279346634285,0.038974881823689245,0.2033254481698521,25950.0,0.002923458259141417,0.00996765947073919,0.03487655625203592,0.19870847064923328,34150.0,0.003217978537309062
20260301_204447_w60_lp0_seed0_healthy_r0,healthy,0.0,60.0,0,0,0.010027122791990849,0.03633563436993903,2.0304656491586926e-05,0.010027102233775575,0.010010820718744923,0.04852117653180117,0.00010023849700588572,0.010010318861383517,0.009982570427804623,0.038520201719414615,0.01004238961653435,0.03992961068105805,0.20169917842055385,41700.0,0.003250033468695156,0.010181983200988485,0.037029384983912526,0.20734556381042343,15900.0,0.0028734950742802822
20260301_204447_w60_lp0_seed0_healthy_r1,healthy,0.0,60.0,0,0,0.00999102450226232,0.03786780301309145,-0.00016684970125237868,0.00998963121351324,0.009727897688314557,0.04403334062542879,0.00013973796723125385,0.00972689399216573,0.010008588860473042,0.03509791972238219,0.009957792292358698,0.033603293576007776,0.19831525467551658,47950.0,0.0026346846925532487,0.0098708461248599,0.036444821321153086,0.19486720644132338,750.0,0.0031275571120317792
20260301_204447_w60_lp0_seed0_healthy_r2,healthy,0.0,60.0,0,0,0.009992599960675074,0.04498193698573516,-0.00010314922438967607,0.009992067564402839,0.009770876928893288,0.03769165771418794,0.00019539075596020257,0.009768923093773666,0.010083768057452563,0.03877337908319589,0.0098370285934879,0.03263150883709276,0.1935342630981971,20900.0,0.003175037057689727,0.01006266207071666,0.032849952874481794,0.20251433589887938,19000.0,0.00284474476362126
20260301_204447_w60_lp0_seed0_rs_drift_p02,rs_drift,0.02,60.0,0,0,0.010205858343428739,0.038157874267416236,-0.0018174551839537556,0.010042728771626444,0.01099327912562163,0.05327277378430304,-0.004549315988063192,0.01000779246260537,0.15116461218370705,0.19399775765278804,0.024898294558890175,0.06825289599145812,1.2398501438825202,50.0,0.02632734397006613,0.01525432356000889,0.04400823657279598,0.46538877454688465,50.0,0.011373997011267198
20260301_204447_w60_lp0_seed0_rs_drift_p05,rs_drift,0.05,60.0,0,0,0.011090263089974177,0.04088557169807672,-0.004567972564996502,0.010105818227649005,0.01527134251445059,0.060410194636684775,-0.011534469001926624,0.010008492745526665,0.37693501479547753,0.4339497274815116,0.057877293845577014,0.12507716424624427,6.699562285774533,50.0,0.06278741648653657,0.02991763893328429,0.06618997840861471,1.7901302386847358,50.0,0.027028508775237752
20260301_204447_w60_lp0_seed0_rs_drift_p08,rs_drift,0.08,60.0,0,0,0.012562211171584075,0.04360641620714123,-0.0073110552092989665,0.0102155578039603,0.02106527374691297,0.06755963355582953,-0.018532581576023194,0.010014448470106905,0.6029529454601631,0.674534528384612,0.09148550102206285,0.1808153223746216,16.739193794515725,50.0,0.09461399041589955,0.04597249810917883,0.08895198464324047,4.226941164796903,50.0,0.04156163954348302
20260301_204447_w60_lp0_seed0_rs_drift_p10,rs_drift,0.1,60.0,0,0,0.013778060242745855,0.04541647236753876,-0.009135596906182127,0.010313865096097075,0.025276587424918326,0.07233259613811913,-0.023205175199092133,0.010021263185296487,0.7537038039530055,0.8349565155336975,0.11384525200807909,0.2182419710631942,25.921482809566072,50.0,0.1136385394190493,0.05684255147468175,0.10424658160327469,6.462151316303689,50.0,0.05067243105860347
20260301_204447_w60_lp0_seed0_rs_drift_p15,rs_drift,0.15,60.0,0,0,0.01733421912438688,0.05059856326683709,-0.01368209967753344,0.01064308700830258,0.036328920797412526,0.08428831727408809,-0.034911744180403194,0.010047915434892757,1.1307975193414548,1.237919220230559,0.16934997006786054,0.31103229111732444,57.35882472397052,50.0,0.15497237564849495,0.08413397370473187,0.1433831684240062,14.157051062697027,50.0,0.071646905337157
20260301_204447_w60_lp0_seed0_rs_drift_p20,rs_drift,0.2,60.0,0,0,0.02131445764914705,0.05651542066436965,-0.01820700087950147,0.011082022552364519,0.04773218450314613,0.09627729168065804,-0.04665404159152265,0.010087707401528792,1.508188025893364,1.6410842739805744,0.2242067283138896,0.4009374805625492,100.5373140424366,50.0,0.1892612718368283,0.11137986173126738,0.18149892722174252,24.810947198552476,50.0,0.09037505066449175
20260301_204447_w60_lp0_seed0_rs_drift_p30,rs_drift,0.3,60.0,0,0,0.02981643903802137,0.06897795300792975,-0.027190051880338247,0.012236058011163543,0.07098252066471708,0.12035471994517738,-0.07024531190770486,0.010203646157440198,2.263857653113931,2.4494280458859308,0.33194155611355713,0.5726265860389121,220.37039335017963,50.0,0.24285735091078844,0.16545460684219637,0.25660093886700414,54.75045385061156,50.0,0.12239710270529462
20260301_204447_w60_lp0_seed0_rs_drift_p40,rs_drift,0.4,60.0,0,0,0.03858461947513473,0.0815713880179616,-0.03608088153578551,0.013672704474300548,0.09454769145816296,0.14456428626456647,-0.09397807075395626,0.010362826710525049,3.0207381841983683,3.259856562880259,0.4371399253764423,0.7343011167730364,382.18262871624313,50.0,0.28279160219835897,0.21886833788287,0.32900339156531433,95.80669865522029,50.0,0.1487773751884427
20260301_204447_w60_lp0_seed0_ld_mismatch_m20,ld_mismatch,-0.2,60.0,0,0,0.010027122791990849,0.03633563436993903,2.0304656491586926e-05,0.010027102233775575,0.010010820718744923,0.04852117653180117,0.00010023849700588572,0.010010318861383517,0.009982570427804623,0.038520201719414615,0.01004238961653435,0.03992961068105805,0.20169917842055385,41700.0,0.003250033468695156,0.010181983200988485,0.037029384983912526,0.20734556381042343,15900.0,0.0028734950742802822
20260301_204447_w60_lp0_seed0_ld_mismatch_m10,ld_mismatch,-0.1,60.0,0,0,0.010027122791990849,0.03633563436993903,2.0304656491586926e-05,0.010027102233775575,0.010010820718744923,0.04852117653180117,0.00010023849700588572,0.010010318861383517,0.009982570427804623,0.038520201719414615,0.01004238961653435,0.03992961068105805,0.20169917842055385,41700.0,0.003250033468695156,0.010181983200988485,0.037029384983912526,0.20734556381042343,15900.0,0.0028734950742802822
20260301_204447_w60_lp0_seed0_ld_mismatch_m05,ld_mismatch,-0.05,60.0,0,0,0.010027122791990849,0.03633563436993903,2.0304656491586926e-05,0.010027102233775575,0.010010820718744923,0.04852117653180117,0.00010023849700588572,0.010010318861383517,0.009982570427804623,0.038520201719414615,0.01004238961653435,0.03992961068105805,0.20169917842055385,41700.0,0.003250033468695156,0.010181983200988485,0.037029384983912526,0.20734556381042343,15900.0,0.0028734950742802822
20260301_204447_w60_lp0_seed0_ld_mismatch_p05,ld_mismatch,0.05,60.0,0,0,0.010027122791990849,0.03633563436993903,2.0304656491586926e-05,0.010027102233775575,0.010010820718744923,0.04852117653180117,0.00010023849700588572,0.010010318861383517,0.009982570427804623,0.038520201719414615,0.01004238961653435,0.03992961068105805,0.20169917842055385,41700.0,0.003250033468695156,0.010181983200988485,0.037029384983912526,0.20734556381042343,15900.0,0.0028734950742802822
20260301_204447_w60_lp0_seed0_ld_mismatch_p10,ld_mismatch,0.1,60.0,0,0,0.010027122791990849,0.03633563436993903,2.0304656491586926e-05,0.010027102233775575,0.010010820718744923,0.04852117653180117,0.00010023849700588572,0.010010318861383517,0.009982570427804623,0.038520201719414615,0.01004238961653435,0.03992961068105805,0.20169917842055385,41700.0,0.003250033468695156,0.010181983200988485,0.037029384983912526,0.20734556381042343,15900.0,0.0028734950742802822
20260301_204447_w60_lp0_seed0_ld_mismatch_p20,ld_mismatch,0.2,60.0,0,0,0.010027122791990849,0.03633563436993903,2.0304656491586926e-05,0.010027102233775575,0.010010820718744923,0.04852117653180117,0.00010023849700588572,0.010010318861383517,0.009982570427804623,0.038520201719414615,0.01004238961653435,0.03992961068105805,0.20169917842055385,41700.0,0.003250033468695156,0.010181983200988485,0.037029384983912526,0.20734556381042343,15900.0,0.0028734950742802822
20260301_204447_w60_lp0_seed1_healthy_r0,healthy,0.0,60.0,0,1,0.010094747856908767,0.038319813752010656,0.0001779997008444611,0.010093178409255603,0.010084278623424103,0.040416804391360736,2.6580310636545756e-06,0.010084278273119954,0.010005248298156787,0.03717130216526954,0.009934287857370154,0.03697891858664182,0.19738015046618415,29050.0,0.003245889816031456,0.010257669121989155,0.03622574393239545,0.2104395516324195,42400.0,0.003049899119176169
20260301_204447_w60_lp0_seed1_healthy_r1,healthy,0.0,60.0,0,1,0.009824477544465407,0.035273564682882785,4.611994344855361e-05,0.009824369291334753,0.00998895822504164,0.03925030336645486,2.0865030959076426e-05,0.0099889364334803,0.009913132671241075,0.03730294684713442,0.009963139122414887,0.03686099898996131,0.19852828234518816,27200.0,0.002836001433811284,0.010167457123732364,0.0379249662251237,0.206754368725872,23350.0,0.003408279239411068
20260301_204447_w60_lp0_seed1_healthy_r2,healthy,0.0,60.0,0,1,0.010149329760759919,0.0362045199771579,8.287964323883496e-05,0.010148991356651338,0.0099001792424854,0.04115379966466685,-1.9718196748133522e-05,0.009900159606089984,0.010008644695536952,0.047153784978320346,0.010321729056239126,0.044752763565075515,0.21307618142082208,11500.0,0.0030772397703474415,0.010079467271749163,0.03559254414800161,0.20319132096452502,36250.0,0.0028229911299771813
20260301_204447_w60_lp0_seed1_rs_drift_p02,rs_drift,0.02,60.0,0,1,0.010247041620196231,0.04009811694047505,-0.001659760139600882,0.010111728746610338,0.011105943445769264,0.04494796906175171,-0.004646896454005424,0.010087037878702404,0.15103080691694531,0.19004024184976487,0.025011595631231325,0.06321522109012712,1.25115983204046,50.0,0.027811273204851168,0.01527010162208466,0.047133452807258384,0.46635200709758506,50.0,0.011835448668800862
20260301_204447_w60_lp0_seed1_rs_drift_p05,rs_drift,0.05,60.0,0,1,0.011093263713513445,0.04275988650556739,-0.004410277520643628,0.010178897386675021,0.015402111282627851,0.051757728310667904,-0.011632049467868855,0.010095566211932052,0.37679999106351514,0.42932539809859094,0.058024352105578214,0.12155190419049777,6.733650874544238,50.0,0.0638071157565066,0.02989598722288552,0.0720342002426303,1.7875401040618688,50.0,0.02670912827185947
20260301_204447_w60_lp0_seed1_rs_drift_p08,rs_drift,0.08,60.0,0,1,0.012534043470278226,0.046112425894677234,-0.007153360164946093,0.010292311891182985,0.021196208695511636,0.058583075363193876,-0.018630162041965426,0.010109219819243905,0.6028176680942968,0.671969002996164,0.09163861095838452,0.17950552554540256,16.7952700367643,50.0,0.09521601072783863,0.04593682709563859,0.09657038813373228,4.2203841672291915,50.0,0.04051641241873802
20260301_204447_w60_lp0_seed1_rs_drift_p10,rs_drift,0.1,60.0,0,1,0.013733669470765153,0.04855414481472442,-0.008977901861829254,0.01039283191875966,0.02540580395817846,0.06314195089784204,-0.023302755665034362,0.010121089525199611,0.7535684533288872,0.8337583640131498,0.11399952089044295,0.21752500150423826,25.99178152650108,50.0,0.11401997198471346,0.056801092513016564,0.11272960077075429,6.4527282213445325,50.0,0.049183976177810194
20260301_204447_w60_lp0_seed1_rs_drift_p15,rs_drift,0.15,60.0,0,1,0.01726188069933815,0.05464125430833899,-0.013524404633180566,0.010726742496964628,0.03645381027378235,0.07456932147170062,-0.03500932464634542,0.010160092090316397,1.130662093121225,1.2383273064193077,0.16950394051353823,0.31048691882176405,57.46317169923421,50.0,0.15494323192140286,0.08408246530254679,0.15245180281277168,14.13972194270797,50.0,0.06917983589507883
20260301_204447_w60_lp0_seed1_rs_drift_p20,rs_drift,0.2,60.0,0,1,0.021225661792129404,0.06070302263871108,-0.0180493058351486,0.011169211135220467,0.04785389203958977,0.08603967724459916,-0.04675162205746488,0.010211797997055988,1.5080525844504915,1.6430348120476026,0.22435862960066233,0.40058249533550105,100.6735893525744,50.0,0.18894309532417344,0.11132095600989012,0.1912380953652033,24.784710493911778,50.0,0.08708614223950775
20260301_204447_w60_lp0_seed1_rs_drift_p30,rs_drift,0.3,60.0,0,1,0.02971049461067863,0.07274661928468884,-0.027032356835985365,0.012327415540295504,0.07110026906719867,0.1091086551342428,-0.0703428923736471,0.01035015719385692,2.2637222416194116,2.4528762167098535,0.3320876067763542,0.5727105756253752,220.56435714889287,50.0,0.24218272090751197,0.1653838915974441,0.26614164158311043,54.70366319983029,50.0,0.11782142086504682
20260301_204447_w60_lp0_seed1_rs_drift_p40,rs_drift,0.4,60.0,0,1,0.03847031668006324,0.08467742529768918,-0.035923186491432633,0.01376553441629142,0.09466311077045804,0.1323474998877513,-0.09407565121989847,0.010529785766672602,3.0206028341523496,3.2633047337041816,0.4372793209415694,0.7349024894121174,382.4264090462401,50.0,0.2819188093857374,0.2187876917087037,0.3379286424270783,95.73610808644555,50.0,0.1432597095567661
20260301_204447_w60_lp0_seed1_ld_mismatch_m20,ld_mismatch,-0.2,60.0,0,1,0.010094747856908767,0.038319813752010656,0.0001779997008444611,0.010093178409255603,0.010084278623424103,0.040416804391360736,2.6580310636545756e-06,0.010084278273119954,0.010005248298156787,0.03717130216526954,0.009934287857370154,0.03697891858664182,0.19738015046618415,29050.0,0.003245889816031456,0.010257669121989155,0.03622574393239545,0.2104395516324195,42400.0,0.003049899119176169
20260301_204447_w60_lp0_seed1_ld_mismatch_m10,ld_mismatch,-0.1,60.0,0,1,0.010094747856908767,0.038319813752010656,0.0001779997008444611,0.010093178409255603,0.010084278623424103,0.040416804391360736,2.6580310636545756e-06,0.010084278273119954,0.010005248298156787,0.03717130216526954,0.009934287857370154,0.03697891858664182,0.19738015046618415,29050.0,0.003245889816031456,0.010257669121989155,0.03622574393239545,0.2104395516324195,42400.0,0.003049899119176169
20260301_204447_w60_lp0_seed1_ld_mismatch_m05,ld_mismatch,-0.05,60.0,0,1,0.010094747856908767,0.038319813752010656,0.0001779997008444611,0.010093178409255603,0.010084278623424103,0.040416804391360736,2.6580310636545756e-06,0.010084278273119954,0.010005248298156787,0.03717130216526954,0.009934287857370154,0.03697891858664182,0.19738015046618415,29050.0,0.003245889816031456,0.010257669121989155,0.03622574393239545,0.2104395516324195,42400.0,0.003049899119176169
20260301_204447_w60_lp0_seed1_ld_mismatch_p05,ld_mismatch,0.05,60.0,0,1,0.010094747856908767,0.038319813752010656,0.0001779997008444611,0.010093178409255603,0.010084278623424103,0.040416804391360736,2.6580310636545756e-06,0.010084278273119954,0.010005248298156787,0.03717130216526954,0.009934287857370154,0.03697891858664182,0.19738015046618415,29050.0,0.003245889816031456,0.010257669121989155,0.03622574393239545,0.2104395516324195,42400.0,0.003049899119176169
20260301_204447_w60_lp0_seed1_ld_mismatch_p10,ld_mismatch,0.1,60.0,0,1,0.010094747856908767,0.038319813752010656,0.0001779997008444611,0.010093178409255603,0.010084278623424103,0.040416804391360736,2.6580310636545756e-06,0.010084278273119954,0.010005248298156787,0.03717130216526954,0.009934287857370154,0.03697891858664182,0.19738015046618415,29050.0,0.003245889816031456,0.010257669121989155,0.03622574393239545,0.2104395516324195,42400.0,0.003049899119176169
20260301_204447_w60_lp0_seed1_ld_mismatch_p20,ld_mismatch,0.2,60.0,0,1,0.010094747856908767,0.038319813752010656,0.0001779997008444611,0.010093178409255603,0.010084278623424103,0.040416804391360736,2.6580310636545756e-06,0.010084278273119954,0.010005248298156787,0.03717130216526954,0.009934287857370154,0.03697891858664182,0.19738015046618415,29050.0,0.003245889816031456,0.010257669121989155,0.03622574393239545,0.2104395516324195,42400.0,0.003049899119176169
20260301_204447_w60_lp0_seed2_healthy_r0,healthy,0.0,60.0,0,2,0.009879709099846035,0.03744098799620499,-6.279644167642253e-05,0.009879509527526826,0.010048244838839522,0.043012985826781584,-0.000310880844984556,0.010043434544093309,0.010095092436631566,0.04372230280360867,0.010082793466342848,0.038974881823689245,0.20332544816985204,25950.0,0.0029234582591414174,0.00996765947073919,0.03487655625203592,0.19870847064923328,34150.0,0.003217978537309062
20260301_204447_w60_lp0_seed2_healthy_r1,healthy,0.0,60.0,0,2,0.00988857902172854,0.03340358448601055,-0.00011869813309909745,0.009887866596094861,0.00994185361438834,0.03378129753407081,0.00010502838425445962,0.009941298825024193,0.0100184820034006,0.0380549717230636,0.010159684287403636,0.03853580472543072,0.20643836963943268,23950.0,0.002911942369273111,0.010110134658149831,0.036914101176258644,0.2044296456118448,44750.0,0.0030564018405912705
20260301_204447_w60_lp0_seed2_healthy_r2,healthy,0.0,60.0,0,2,0.010195988260976027,0.04079177943091983,-6.345079455959936e-05,0.010195790828309037,0.010000512671690776,0.04023209154458696,-0.00023088300766273346,0.00999784710492316,0.009950713552554714,0.0343827583613745,0.010009494478478277,0.036487076233723936,0.2003799594293742,22950.0,0.0029153481814668874,0.010173028825718923,0.038441512857362185,0.20698103097781628,44700.0,0.0029168942581474368
20260301_204447_w60_lp0_seed2_rs_drift_p02,rs_drift,0.02,60.0,0,2,0.010076488466882527,0.040029362344131236,-0.0019005562821217655,0.009895630633855736,0.011203494473515504,0.04130855251210555,-0.004960435330053635,0.010045514907382706,0.15083520474863937,0.19116898154439355,0.02487199737279226,0.07209497986595714,1.2372325066243701,50.0,0.02654192552501754,0.015020067320559728,0.04884091602110889,0.4512048446282925,50.0,0.010900536715351608
20260301_204447_w60_lp0_seed2_rs_drift_p05,rs_drift,0.05,60.0,0,2,0.010992501852011293,0.04390340725755193,-0.0046510736631645115,0.009960050740146316,0.015612848437396935,0.04841142778601848,-0.011945588343917067,0.010053057019971617,0.37660040335987216,0.4301902228848533,0.057836530447113496,0.13118623276672725,6.690128508319773,50.0,0.06148489204887597,0.029726442647847035,0.07368442722748934,1.7673227849914783,50.0,0.026557589401324695
20260301_204447_w60_lp0_seed2_rs_drift_p08,rs_drift,0.08,60.0,0,2,0.012494574391934592,0.04776697936707208,-0.007394156307466976,0.01007178443655016,0.02145188605433216,0.05552696628668506,-0.018943700918013635,0.010065764293728517,0.6026171183919139,0.6717220650880691,0.09143965589907359,0.1891420501792327,16.72242134188197,50.0,0.09210251707941042,0.04579937923842874,0.0981895200242508,4.195166277250836,50.0,0.041074492881329853
20260301_204447_w60_lp0_seed2_rs_drift_p10,rs_drift,0.1,60.0,0,2,0.013727673008766646,0.05033673662463434,-0.009218698004350136,0.010171755666560771,0.025676366809552528,0.06027768781305749,-0.023616294541082574,0.010077025587321101,0.7533675813188708,0.8331808281334361,0.11379705030961496,0.2271651874807321,25.899537318338073,50.0,0.11047875915149273,0.05667546969015685,0.11434185132638319,6.424217729199775,50.0,0.05017046077832468
20260301_204447_w60_lp0_seed2_rs_drift_p15,rs_drift,0.15,60.0,0,2,0.017316445545728806,0.056739683435959254,-0.013765200775701451,0.010506118881053043,0.03674247613049443,0.07217906686563132,-0.03532286352239364,0.01011458673294693,1.1304607805728486,1.2369278531818466,0.16929708500823837,0.32014395299094156,57.32300598457337,50.0,0.15057480469961496,0.08397360706130348,0.15409252972717144,14.103133365772397,50.0,0.07110239374436778
20260301_204447_w60_lp0_seed2_rs_drift_p20,rs_drift,0.2,60.0,0,2,0.021318007567517932,0.06311101733566415,-0.01829010197766948,0.010951238116998586,0.04815034685197345,0.08411550511882826,-0.04706516093351309,0.01016496572880904,1.507851037617802,1.6414706122969207,0.2241498907747949,0.41026732241907604,100.48634706870497,50.0,0.18400079655133067,0.11122112473350482,0.19296806552827983,24.740277173971677,50.0,0.0897861729533758
20260301_204447_w60_lp0_seed2_rs_drift_p30,rs_drift,0.3,60.0,0,2,0.02984454774159547,0.07575447068585106,-0.027273152978506254,0.012119082329589434,0.0714033762758684,0.10809330082022083,-0.07065643124969531,0.010301012894386941,2.263520429653313,2.451044232479603,0.3318777128211637,0.5824832433866662,220.28563253481357,50.0,0.23654360940708638,0.1652941276935395,0.268211931619043,54.64429729993627,50.0,0.12172520959707703
20260301_204447_w60_lp0_seed2_rs_drift_p40,rs_drift,0.4,60.0,0,2,0.03862594248340988,0.08825995393900854,-0.03616398263395352,0.013569443348302693,0.09496906787955338,0.13221051565568764,-0.09438919009594669,0.01047877125155697,3.0204008570690615,3.2612095410697535,0.4370697422674244,0.7448044296128269,382.05991921142555,50.0,0.27592325307892757,0.21870400854943048,0.3402952236301328,95.66288671117871,50.0,0.1480382581721033
20260301_204447_w60_lp0_seed2_ld_mismatch_m20,ld_mismatch,-0.2,60.0,0,2,0.009879709099846035,0.03744098799620499,-6.279644167642253e-05,0.009879509527526826,0.010048244838839522,0.043012985826781584,-0.000310880844984556,0.010043434544093309,0.010095092436631566,0.04372230280360867,0.010082793466342848,0.038974881823689245,0.20332544816985204,25950.0,0.0029234582591414174,0.00996765947073919,0.03487655625203592,0.19870847064923328,34150.0,0.003217978537309062
20260301_204447_w60_lp0_seed2_ld_mismatch_m10,ld_mismatch,-0.1,60.0,0,2,0.009879709099846035,0.03744098799620499,-6.279644167642253e-05,0.009879509527526826,0.010048244838839522,0.043012985826781584,-0.000310880844984556,0.010043434544093309,0.010095092436631566,0.04372230280360867,0.010082793466342848,0.038974881823689245,0.20332544816985204,25950.0,0.0029234582591414174,0.00996765947073919,0.03487655625203592,0.19870847064923328,34150.0,0.003217978537309062
20260301_204447_w60_lp0_seed2_ld_mismatch_m05,ld_mismatch,-0.05,60.0,0,2,0.009879709099846035,0.03744098799620499,-6.279644167642253e-05,0.009879509527526826,0.010048244838839522,0.043012985826781584,-0.000310880844984556,0.010043434544093309,0.010095092436631566,0.04372230280360867,0.010082793466342848,0.038974881823689245,0.20332544816985204,25950.0,0.0029234582591414174,0.00996765947073919,0.03487655625203592,0.19870847064923328,34150.0,0.003217978537309062
20260301_204447_w60_lp0_seed2_ld_mismatch_p05,ld_mismatch,0.05,60.0,0,2,0.009879709099846035,0.03744098799620499,-6.279644167642253e-05,0.009879509527526826,0.010048244838839522,0.043012985826781584,-0.000310880844984556,0.010043434544093309,0.010095092436631566,0.04372230280360867,0.010082793466342848,0.038974881823689245,0.20332544816985204,25950.0,0.0029234582591414174,0.00996765947073919,0.03487655625203592,0.19870847064923328,34150.0,0.003217978537309062
20260301_204447_w60_lp0_seed2_ld_mismatch_p10,ld_mismatch,0.1,60.0,0,2,0.009879709099846035,0.03744098799620499,-6.279644167642253e-05,0.009879509527526826,0.010048244838839522,0.043012985826781584,-0.000310880844984556,0.010043434544093309,0.010095092436631566,0.04372230280360867,0.010082793466342848,0.038974881823689245,0.20332544816985204,25950.0,0.0029234582591414174,0.00996765947073919,0.03487655625203592,0.19870847064923328,34150.0,0.003217978537309062
20260301_204447_w60_lp0_seed2_ld_mismatch_p20,ld_mismatch,0.2,60.0,0,2,0.009879709099846035,0.03744098799620499,-6.279644167642253e-05,0.009879509527526826,0.010048244838839522,0.043012985826781584,-0.000310880844984556,0.010043434544093309,0.010095092436631566,0.04372230280360867,0.010082793466342848,0.038974881823689245,0.20332544816985204,25950.0,0.0029234582591414174,0.00996765947073919,0.03487655625203592,0.19870847064923328,34150.0,0.003217978537309062
20260301_204447_w60_lp1_seed0_healthy_r0,healthy,0.0,60.0,1,0,0.010027122791990849,0.03633563436993903,2.0304656491586835e-05,0.010027102233775575,0.010010820718744923,0.04852117653180117,0.00010023849700588572,0.010010318861383517,0.009982570427804621,0.038520201719414615,0.01004238961653435,0.03992961068105805,0.20169917842055385,41700.0,0.003250033468695156,0.010181983200988485,0.037029384983912526,0.20734556381042343,15900.0,0.0028734950742802822
20260301_204447_w60_lp1_seed0_healthy_r1,healthy,0.0,60.0,1,0,0.00999102450226232,0.03786780301309145,-0.00016684970125237895,0.00998963121351324,0.009727897688314557,0.04403334062542879,0.00013973796723125385,0.00972689399216573,0.010008588860473046,0.03509791972238219,0.009957792292358698,0.033603293576007776,0.19831525467551658,47950.0,0.0026346846925532517,0.0098708461248599,0.036444821321153086,0.19486720644132338,750.0,0.0031275571120317792
20260301_204447_w60_lp1_seed0_healthy_r2,healthy,0.0,60.0,1,0,0.009992599960675074,0.04498193698573516,-0.00010314922438967615,0.009992067564402839,0.009770876928893288,0.03769165771418794,0.00019539075596020257,0.009768923093773666,0.010083768057452562,0.03877337908319589,0.009837028593487899,0.03263150883709276,0.19353426309819705,20900.0,0.003175037057689727,0.01006266207071666,0.032849952874481794,0.20251433589887938,19000.0,0.00284474476362126
20260301_204447_w60_lp1_seed0_rs_drift_p02,rs_drift,0.02,60.0,1,0,0.010061010908356366,0.03705530969641657,-0.0007378351769093051,0.010033919460997333,0.010465824094501726,0.05167524502023871,-0.003053808645480955,0.010010380948487357,0.13047164960297278,0.16791118892811596,0.020703764044376332,0.058062184361171276,0.8572916912104205,50.0,0.016058616217736067,0.013711026308089984,0.041731125628581944,0.3759844848422713,50.0,0.0076510369349802815
20260301_204447_w60_lp1_seed0_rs_drift_p05,rs_drift,0.05,60.0,1,0,0.01022967559595215,0.03812578685283485,-0.0018669449936696406,0.01005787150390334,0.012684489752706503,0.056409701690253375,-0.00779005751419537,0.010010558636362138,0.325136676990428,0.36780001291364073,0.04645082443809708,0.09984616067822083,4.3153581819578335,50.0,0.03963468043275908,0.024876685818473656,0.0575500911498703,1.2376989946220966,50.0,0.018024345075815972
20260301_204447_w60_lp1_seed0_rs_drift_p08,rs_drift,0.08,60.0,1,0,0.010530601105040168,0.039185348681861853,-0.002986302176954311,0.010098294853161657,0.016039997082386133,0.061148152645396074,-0.012532531613627362,0.010010851999524638,0.5201213119746334,0.5677825379878598,0.07311030687362692,0.14083201394918277,10.6902339423118,50.0,0.06095222691072016,0.03755952558231991,0.07515670267493871,2.821435923937888,50.0,0.027824523848861783
20260301_204447_w60_lp1_seed0_rs_drift_p10,rs_drift,0.1,60.0,1,0,0.010797995050529184,0.03988561904250565,-0.003727105142664425,0.010134366500515815,0.018618234849763503,0.06430932208316421,-0.015697646781800523,0.01001112153730919,0.6502130955166197,0.7012007295455618,0.09091803585862324,0.16772292399650812,16.5321784887798,50.0,0.07405946786253102,0.04622630822553256,0.08682455291534372,4.273743144323879,50.0,0.03404429803461632
20260301_204447_w60_lp1_seed0_rs_drift_p15,rs_drift,0.15,60.0,1,0,0.011666342031769104,0.04161475531657999,-0.005560022172608099,0.010256202505914594,0.025656766266874503,0.0722198792101636,-0.02362260264981251,0.010012107636362112,0.975757932282082,1.0356085476830046,0.1352582583873595,0.23557724973751615,36.589592923963416,50.0,0.10347120505257443,0.06808917634802128,0.11574741562973168,9.27227187150388,50.0,0.048586527642149116
20260301_204447_w60_lp1_seed0_rs_drift_p20,rs_drift,0.2,60.0,1,0,0.012762470287015652,0.04346178356614461,-0.00736556750328381,0.010422526717717106,0.03311530871290607,0.08014121492698617,-0.03156501843452435,0.010013654796287465,1.3017392064746207,1.370261030654632,0.17922068494374982,0.3019038569642296,64.24010782341367,50.0,0.128831776158026,0.08997567469556486,0.1443148277933915,16.19124407384422,50.0,0.061841094947779555
20260301_204447_w60_lp1_seed0_rs_drift_p30,rs_drift,0.3,60.0,1,0,0.015399061627082333,0.04995841260919587,-0.010894176208909303,0.010883382917269525,0.04854783649339812,0.09601559415418898,-0.04750271632450152,0.010019200067053995,1.95501107652124,2.0403177116762947,0.26589034376423004,0.42857672446346773,141.39534981412086,50.0,0.17032884055861194,0.1334675871081348,0.20150624618352936,35.6271936169351,50.0,0.08512769231633678
20260301_204447_w60_lp1_seed0_rs_drift_p40,rs_drift,0.4,60.0,1,0,0.018362850700987393,0.05643850876936529,-0.01431254632850738,0.011504142882504679,0.06429904730552634,0.11193122118504528,-0.06351197178622855,0.010029801803805619,2.6100612898101585,2.7118555065943113,0.350897093934237,0.5478743345431096,246.25754106298547,50.0,0.20275004788982176,0.17644101293253933,0.2568171335976653,62.26286208932102,50.0,0.1049527377559592
20260301_204447_w60_lp1_seed0_ld_mismatch_m20,ld_mismatch,-0.2,60.0,1,0,0.010027122791990849,0.03633563436993903,2.0304656491586835e-05,0.010027102233775575,0.010010820718744923,0.04852117653180117,0.00010023849700588572,0.010010318861383517,0.009982570427804621,0.038520201719414615,0.01004238961653435,0.03992961068105805,0.20169917842055385,41700.0,0.003250033468695156,0.010181983200988485,0.037029384983912526,0.20734556381042343,15900.0,0.0028734950742802822
20260301_204447_w60_lp1_seed0_ld_mismatch_m10,ld_mismatch,-0.1,60.0,1,0,0.010027122791990849,0.03633563436993903,2.0304656491586835e-05,0.010027102233775575,0.010010820718744923,0.04852117653180117,0.00010023849700588572,0.010010318861383517,0.009982570427804621,0.038520201719414615,0.01004238961653435,0.03992961068105805,0.20169917842055385,41700.0,0.003250033468695156,0.010181983200988485,0.037029384983912526,0.20734556381042343,15900.0,0.0028734950742802822
20260301_204447_w60_lp1_seed0_ld_mismatch_m05,ld_mismatch,-0.05,60.0,1,0,0.010027122791990849,0.03633563436993903,2.0304656491586835e-05,0.010027102233775575,0.010010820718744923,0.04852117653180117,0.00010023849700588572,0.010010318861383517,0.009982570427804621,0.038520201719414615,0.01004238961653435,0.03992961068105805,0.20169917842055385,41700.0,0.003250033468695156,0.010181983200988485,0.037029384983912526,0.20734556381042343,15900.0,0.0028734950742802822
20260301_204447_w60_lp1_seed0_ld_mismatch_p05,ld_mismatch,0.05,60.0,1,0,0.010027122791990849,0.03633563436993903,2.0304656491586835e-05,0.010027102233775575,0.010010820718744923,0.04852117653180117,0.00010023849700588572,0.010010318861383517,0.009982570427804621,0.038520201719414615,0.01004238961653435,0.03992961068105805,0.20169917842055385,41700.0,0.003250033468695156,0.010181983200988485,0.037029384983912526,0.20734556381042343,15900.0,0.0028734950742802822
20260301_204447_w60_lp1_seed0_ld_mismatch_p10,ld_mismatch,0.1,60.0,1,0,0.010027122791990849,0.03633563436993903,2.0304656491586835e-05,0.010027102233775575,0.010010820718744923,0.04852117653180117,0.00010023849700588572,0.010010318861383517,0.009982570427804621,0.038520201719414615,0.01004238961653435,0.03992961068105805,0.20169917842055385,41700.0,0.003250033468695156,0.010181983200988485,0.037029384983912526,0.20734556381042343,15900.0,0.0028734950742802822
20260301_204447_w60_lp1_seed0_ld_mismatch_p20,ld_mismatch,0.2,60.0,1,0,0.010027122791990849,0.03633563436993903,2.0304656491586835e-05,0.010027102233775575,0.010010820718744923,0.04852117653180117,0.00010023849700588572,0.010010318861383517,0.009982570427804621,0.038520201719414615,0.01004238961653435,0.03992961068105805,0.20169917842055385,41700.0,0.003250033468695156,0.010181983200988485,0.037029384983912526,0.20734556381042343,15900.0,0.0028734950742802822
20260301_204447_w60_lp1_seed1_healthy_r0,healthy,0.0,60.0,1,1,0.010094747856908767,0.038319813752010656,0.0001779997008444612,0.010093178409255601,0.010084278623424103,0.040416804391360736,2.6580310636545756e-06,0.010084278273119954,0.010005248298156787,0.03717130216526954,0.009934287857370154,0.03697891858664182,0.19738015046618418,29050.0,0.003245889816031454,0.010257669121989155,0.03622574393239545,0.2104395516324195,42400.0,0.003049899119176169
20260301_204447_w60_lp1_seed1_healthy_r1,healthy,0.0,60.0,1,1,0.009824477544465407,0.035273564682882785,4.6119943448553524e-05,0.009824369291334753,0.00998895822504164,0.03925030336645486,2.0865030959076426e-05,0.0099889364334803,0.009913132671241075,0.03730294684713442,0.009963139122414885,0.03686099898996131,0.19852828234518813,27200.0,0.002836001433811285,0.010167457123732364,0.0379249662251237,0.206754368725872,23350.0,0.003408279239411068
20260301_204447_w60_lp1_seed1_healthy_r2,healthy,0.0,60.0,1,1,0.010149329760759919,0.0362045199771579,8.287964323883531e-05,0.010148991356651338,0.0099001792424854,0.04115379966466685,-1.9718196748133522e-05,0.009900159606089984,0.010008644695536952,0.047153784978320346,0.010321729056239126,0.044752763565075515,0.21307618142082205,11500.0,0.003077239770347442,0.010079467271749163,0.03559254414800161,0.20319132096452502,36250.0,0.0028229911299771813
20260301_204447_w60_lp1_seed1_rs_drift_p02,rs_drift,0.02,60.0,1,1,0.010118250830775551,0.03901648541417968,-0.0005801401325564309,0.010101605679350562,0.010565157563387656,0.043572465488009395,-0.003151389111423186,0.010084210480132333,0.13034734275683912,0.1668627422584379,0.02074196658683541,0.057446033007550135,0.8604583557787933,50.0,0.01770562043419044,0.013718501915028956,0.043885090666033966,0.37639458958530625,50.0,0.008201347987241217
20260301_204447_w60_lp1_seed1_rs_drift_p05,rs_drift,0.05,60.0,1,1,0.010271093650998033,0.04005246464757484,-0.0017092499493167668,0.010127873883413673,0.012802492254634009,0.04831325599893691,-0.0078876379801376,0.010084095151487544,0.3250109513270515,0.3643057657983846,0.04652568370182379,0.09561265322413659,4.329278487844304,50.0,0.04098753771940938,0.02483788542387809,0.06217311827087986,1.2338411046593913,50.0,0.018075982166623795
20260301_204447_w60_lp1_seed1_rs_drift_p08,rs_drift,0.08,60.0,1,1,0.010556505139647425,0.041077535699383994,-0.0028286071326014367,0.01017048585136417,0.016161877844738784,0.05306284478836741,-0.012630112079569593,0.01008397562104196,0.5199953004315127,0.5626749056162481,0.07319270140561368,0.138405343130783,10.714343078102646,50.0,0.062027573504654675,0.037503535754350684,0.08090505456651008,2.8130303881557204,50.0,0.027373045977970575
20260301_204447_w60_lp1_seed1_rs_drift_p10,rs_drift,0.1,60.0,1,1,0.010814007562543065,0.04194222396248337,-0.003569410098311551,0.010207941570797224,0.018739644755849293,0.056234148755223014,-0.015795227247742752,0.010083902110175146,0.6500870050540035,0.6955015271246268,0.09100211396388841,0.16647973126621318,16.56276949179307,50.0,0.07495926796248242,0.0461636024754389,0.09324039890064291,4.262156387020697,50.0,0.033274960709188076
20260301_204447_w60_lp1_seed1_rs_drift_p15,rs_drift,0.15,60.0,1,1,0.011659984438278155,0.0447267665060429,-0.005402327128255225,0.010332961758383045,0.025774597258858636,0.06417971065764044,-0.023720183115754738,0.010083787820627077,0.9756317692208812,1.0306844775927573,0.13534274297724438,0.23512808157701226,36.63531615320886,50.0,0.10399877315382579,0.06801556362870051,0.12355862933512937,9.252233791459615,50.0,0.04708897191293504
20260301_204447_w60_lp1_seed1_rs_drift_p20,rs_drift,0.2,60.0,1,1,0.01273761111018645,0.04749014570913124,-0.007207872458930936,0.010502062245584443,0.033229576555449156,0.07215020119636542,-0.03166259890046657,0.010083877672930648,1.3016130403432906,1.3663176803033394,0.17930345674211673,0.3016642680379862,64.29945919934426,50.0,0.12908926173595878,0.0898946147697294,0.15315678715912204,16.162083529196103,50.0,0.05970217578846338
20260301_204447_w60_lp1_seed1_rs_drift_p30,rs_drift,0.3,60.0,1,1,0.015347718942644794,0.05295585528160718,-0.010736481164556428,0.010967244364266843,0.048656995241085244,0.0881671872576095,-0.047600296790443745,0.01008538206280072,1.9548849724039616,2.038227750936919,0.26596766571029024,0.42879449276140713,141.4775984067614,50.0,0.17020042155643667,0.13337534419013047,0.21030060429583222,35.57796487567154,50.0,0.08191823264006094
20260301_204447_w60_lp1_seed1_rs_drift_p40,rs_drift,0.4,60.0,1,1,0.018294990330371488,0.05834540779517017,-0.014154851284154507,0.011590809131025141,0.0644048914879307,0.10428796681010864,-0.06360955225217078,0.010090337449782548,2.609935281409405,2.7110232426194614,0.35096805477070186,0.5486012664184903,246.35715093906077,50.0,0.20236783535886582,0.1763397617223797,0.2652117492730538,62.19142312861129,50.0,0.10089126252285384
20260301_204447_w60_lp1_seed1_ld_mismatch_m20,ld_mismatch,-0.2,60.0,1,1,0.010094747856908767,0.038319813752010656,0.0001779997008444612,0.010093178409255601,0.010084278623424103,0.040416804391360736,2.6580310636545756e-06,0.010084278273119954,0.010005248298156787,0.03717130216526954,0.009934287857370154,0.03697891858664182,0.19738015046618418,29050.0,0.003245889816031454,0.010257669121989155,0.03622574393239545,0.2104395516324195,42400.0,0.003049899119176169
20260301_204447_w60_lp1_seed1_ld_mismatch_m10,ld_mismatch,-0.1,60.0,1,1,0.010094747856908767,0.038319813752010656,0.0001779997008444612,0.010093178409255601,0.010084278623424103,0.040416804391360736,2.6580310636545756e-06,0.010084278273119954,0.010005248298156787,0.03717130216526954,0.009934287857370154,0.03697891858664182,0.19738015046618418,29050.0,0.003245889816031454,0.010257669121989155,0.03622574393239545,0.2104395516324195,42400.0,0.003049899119176169
20260301_204447_w60_lp1_seed1_ld_mismatch_m05,ld_mismatch,-0.05,60.0,1,1,0.010094747856908767,0.038319813752010656,0.0001779997008444612,0.010093178409255601,0.010084278623424103,0.040416804391360736,2.6580310636545756e-06,0.010084278273119954,0.010005248298156787,0.03717130216526954,0.009934287857370154,0.03697891858664182,0.19738015046618418,29050.0,0.003245889816031454,0.010257669121989155,0.03622574393239545,0.2104395516324195,42400.0,0.003049899119176169
20260301_204447_w60_lp1_seed1_ld_mismatch_p05,ld_mismatch,0.05,60.0,1,1,0.010094747856908767,0.038319813752010656,0.0001779997008444612,0.010093178409255601,0.010084278623424103,0.040416804391360736,2.6580310636545756e-06,0.010084278273119954,0.010005248298156787,0.03717130216526954,0.009934287857370154,0.03697891858664182,0.19738015046618418,29050.0,0.003245889816031454,0.010257669121989155,0.03622574393239545,0.2104395516324195,42400.0,0.003049899119176169
20260301_204447_w60_lp1_seed1_ld_mismatch_p10,ld_mismatch,0.1,60.0,1,1,0.010094747856908767,0.038319813752010656,0.0001779997008444612,0.010093178409255601,0.010084278623424103,0.040416804391360736,2.6580310636545756e-06,0.010084278273119954,0.010005248298156787,0.03717130216526954,0.009934287857370154,0.03697891858664182,0.19738015046618418,29050.0,0.003245889816031454,0.010257669121989155,0.03622574393239545,0.2104395516324195,42400.0,0.003049899119176169
20260301_204447_w60_lp1_seed1_ld_mismatch_p20,ld_mismatch,0.2,60.0,1,1,0.010094747856908767,0.038319813752010656,0.0001779997008444612,0.010093178409255601,0.010084278623424103,0.040416804391360736,2.6580310636545756e-06,0.010084278273119954,0.010005248298156787,0.03717130216526954,0.009934287857370154,0.03697891858664182,0.19738015046618418,29050.0,0.003245889816031454,0.010257669121989155,0.03622574393239545,0.2104395516324195,42400.0,0.003049899119176169
20260301_204447_w60_lp1_seed2_healthy_r0,healthy,0.0,60.0,1,2,0.009879709099846035,0.03744098799620499,-6.279644167642245e-05,0.009879509527526826,0.010048244838839522,0.043012985826781584,-0.000310880844984556,0.010043434544093309,0.010095092436631566,0.04372230280360867,0.010082793466342848,0.038974881823689245,0.20332544816985204,25950.0,0.0029234582591414165,0.00996765947073919,0.03487655625203592,0.19870847064923328,34150.0,0.003217978537309062
20260301_204447_w60_lp1_seed2_healthy_r1,healthy,0.0,60.0,1,2,0.00988857902172854,0.03340358448601055,-0.00011869813309909745,0.00988786659609486,0.00994185361438834,0.03378129753407081,0.00010502838425445962,0.009941298825024193,0.0100184820034006,0.0380549717230636,0.010159684287403636,0.03853580472543072,0.20643836963943268,23950.0,0.002911942369273111,0.010110134658149831,0.036914101176258644,0.2044296456118448,44750.0,0.0030564018405912705
20260301_204447_w60_lp1_seed2_healthy_r2,healthy,0.0,60.0,1,2,0.010195988260976029,0.04079177943091983,-6.345079455959936e-05,0.010195790828309037,0.010000512671690776,0.04023209154458696,-0.00023088300766273346,0.00999784710492316,0.009950713552554715,0.0343827583613745,0.010009494478478277,0.036487076233723936,0.2003799594293742,22950.0,0.0029153481814668887,0.010173028825718923,0.038441512857362185,0.20698103097781628,44700.0,0.0029168942581474368
20260301_204447_w60_lp1_seed2_rs_drift_p02,rs_drift,0.02,60.0,1,2,0.009920043463617245,0.03872520411190328,-0.0008209362750773145,0.00988601668784336,0.010624304899369323,0.0398568141120243,-0.0034649279874713968,0.010043412200860842,0.13014676008935566,0.16569162532117332,0.020650512488737182,0.061629589583469535,0.8528873320949806,50.0,0.016732134542432373,0.013469913634443347,0.044891083489675555,0.3628771466387255,50.0,0.00701690168700962
20260301_204447_w60_lp1_seed2_rs_drift_p05,rs_drift,0.05,60.0,1,2,0.010099737604212558,0.040647146126615574,-0.0019500460918376507,0.009909693230047737,0.012966447106731708,0.04447237673058736,-0.00820117685618581,0.010043378353185408,0.32480565792652527,0.3649680210938939,0.04637672856699056,0.10527844849082646,4.301601905152635,50.0,0.03928293425304739,0.024674722662421673,0.063874844328215,1.2176838769348513,50.0,0.01739675201658409
20260301_204447_w60_lp1_seed2_rs_drift_p08,rs_drift,0.08,60.0,1,2,0.010412736428331354,0.04256400565436369,-0.0030694032751223204,0.009950067510352238,0.01638313492739413,0.04921363842966919,-0.012943650955617801,0.010043356510068527,0.5197888755272325,0.5649594257498407,0.07303003407319272,0.14809048853229312,10.666771753463381,50.0,0.05972231972816252,0.037378363761071634,0.08259676253848575,2.7942841549099864,50.0,0.027181653738147127
20260301_204447_w60_lp1_seed2_rs_drift_p10,rs_drift,0.1,60.0,1,2,0.010688426770832357,0.043839193587671854,-0.003810206240832435,0.009986230281631172,0.018983186542285348,0.052376979015323226,-0.016108766123790964,0.010043357270764,0.6498802003590659,0.698339478657843,0.09083516996006183,0.1761792545588774,16.50205620334664,50.0,0.07231162701103401,0.0460527627423192,0.09493541711481218,4.241713912400687,50.0,0.03338746470245889
20260301_204447_w60_lp1_seed2_rs_drift_p15,rs_drift,0.15,60.0,1,2,0.011577171200415967,0.04701815365893447,-0.005643123270776109,0.010108711725762392,0.02604785804833075,0.06029401657425171,-0.024033721991802953,0.010043461361837171,0.9754244426022952,1.031975312209866,0.1351706102139871,0.24486873446837798,36.542187731243274,50.0,0.10064600564735747,0.06792518260120847,0.12529485838993393,9.227660862815029,50.0,0.047888564143370865
20260301_204447_w60_lp1_seed2_rs_drift_p20,rs_drift,0.2,60.0,1,2,0.012691876910500798,0.050185202201620704,-0.00744866860145182,0.01027623839627366,0.03351643864553661,0.06822335786203268,-0.031976137776514785,0.010043817619678494,1.301405432995829,1.3664239245042182,0.17912923625329905,0.31145343806849324,64.17456656138046,50.0,0.12518840218331803,0.08981521671208059,0.15497801779716003,16.133546306076,50.0,0.061099416185017845
20260301_204447_w60_lp1_seed2_rs_drift_p30,rs_drift,0.3,60.0,1,2,0.015357983748579634,0.056489114632389814,-0.010977277307077312,0.01074090535034927,0.04895567273953827,0.08411843922369122,-0.047913835666491954,0.010046006425698377,1.9546770418571509,2.0378970634357643,0.2657924165396751,0.4387025101843953,141.29121738000032,50.0,0.16552335646026659,0.13330797470287523,0.21240835173628478,35.54203223876485,50.0,0.08430062829930032
20260301_204447_w60_lp1_seed2_rs_drift_p40,rs_drift,0.4,60.0,1,2,0.018342288955617632,0.06276389319050635,-0.01439564742667539,0.011366833301242118,0.06470858934412212,0.10006123716116677,-0.06392309112821898,0.010051863285960713,2.6097271457803966,2.7102922500632403,0.35079345570951537,0.5586561792821976,246.11209713724742,50.0,0.1971894193546029,0.17627938894161385,0.26740043672136415,62.14884593125755,50.0,0.1040489858319907
20260301_204447_w60_lp1_seed2_ld_mismatch_m20,ld_mismatch,-0.2,60.0,1,2,0.009879709099846035,0.03744098799620499,-6.279644167642245e-05,0.009879509527526826,0.010048244838839522,0.043012985826781584,-0.000310880844984556,0.010043434544093309,0.010095092436631566,0.04372230280360867,0.010082793466342848,0.038974881823689245,0.20332544816985204,25950.0,0.0029234582591414165,0.00996765947073919,0.03487655625203592,0.19870847064923328,34150.0,0.003217978537309062
20260301_204447_w60_lp1_seed2_ld_mismatch_m10,ld_mismatch,-0.1,60.0,1,2,0.009879709099846035,0.03744098799620499,-6.279644167642245e-05,0.009879509527526826,0.010048244838839522,0.043012985826781584,-0.000310880844984556,0.010043434544093309,0.010095092436631566,0.04372230280360867,0.010082793466342848,0.038974881823689245,0.20332544816985204,25950.0,0.0029234582591414165,0.00996765947073919,0.03487655625203592,0.19870847064923328,34150.0,0.003217978537309062
20260301_204447_w60_lp1_seed2_ld_mismatch_m05,ld_mismatch,-0.05,60.0,1,2,0.009879709099846035,0.03744098799620499,-6.279644167642245e-05,0.009879509527526826,0.010048244838839522,0.043012985826781584,-0.000310880844984556,0.010043434544093309,0.010095092436631566,0.04372230280360867,0.010082793466342848,0.038974881823689245,0.20332544816985204,25950.0,0.0029234582591414165,0.00996765947073919,0.03487655625203592,0.19870847064923328,34150.0,0.003217978537309062
20260301_204447_w60_lp1_seed2_ld_mismatch_p05,ld_mismatch,0.05,60.0,1,2,0.009879709099846035,0.03744098799620499,-6.279644167642245e-05,0.009879509527526826,0.010048244838839522,0.043012985826781584,-0.000310880844984556,0.010043434544093309,0.010095092436631566,0.04372230280360867,0.010082793466342848,0.038974881823689245,0.20332544816985204,25950.0,0.0029234582591414165,0.00996765947073919,0.03487655625203592,0.19870847064923328,34150.0,0.003217978537309062
20260301_204447_w60_lp1_seed2_ld_mismatch_p10,ld_mismatch,0.1,60.0,1,2,0.009879709099846035,0.03744098799620499,-6.279644167642245e-05,0.009879509527526826,0.010048244838839522,0.043012985826781584,-0.000310880844984556,0.010043434544093309,0.010095092436631566,0.04372230280360867,0.010082793466342848,0.038974881823689245,0.20332544816985204,25950.0,0.0029234582591414165,0.00996765947073919,0.03487655625203592,0.19870847064923328,34150.0,0.003217978537309062
20260301_204447_w60_lp1_seed2_ld_mismatch_p20,ld_mismatch,0.2,60.0,1,2,0.009879709099846035,0.03744098799620499,-6.279644167642245e-05,0.009879509527526826,0.010048244838839522,0.043012985826781584,-0.000310880844984556,0.010043434544093309,0.010095092436631566,0.04372230280360867,0.010082793466342848,0.038974881823689245,0.20332544816985204,25950.0,0.0029234582591414165,0.00996765947073919,0.03487655625203592,0.19870847064923328,34150.0,0.003217978537309062
20260301_204447_w60_lp2_seed0_healthy_r0,healthy,0.0,60.0,2,0,0.010027122791990849,0.03633563436993903,2.0304656491587015e-05,0.010027102233775575,0.010010820718744923,0.04852117653180117,0.00010023849700588572,0.010010318861383517,0.009982570427804614,0.038520201719414615,0.010042389616534348,0.03992961068105805,0.20169917842055382,41700.0,0.0032500334686951576,0.010181983200988485,0.037029384983912526,0.20734556381042343,15900.0,0.0028734950742802822
20260301_204447_w60_lp2_seed0_healthy_r1,healthy,0.0,60.0,2,0,0.00999102450226232,0.03786780301309145,-0.00016684970125237895,0.00998963121351324,0.009727897688314557,0.04403334062542879,0.00013973796723125385,0.00972689399216573,0.010008588860473022,0.03509791972238219,0.009957792292358698,0.033603293576007776,0.19831525467551658,47950.0,0.002634684692553249,0.0098708461248599,0.036444821321153086,0.19486720644132338,750.0,0.0031275571120317792
20260301_204447_w60_lp2_seed0_healthy_r2,healthy,0.0,60.0,2,0,0.009992599960675074,0.04498193698573516,-0.0001031492243896758,0.009992067564402839,0.009770876928893288,0.03769165771418794,0.00019539075596020257,0.009768923093773666,0.010083768057452551,0.03877337908319589,0.0098370285934879,0.03263150883709276,0.19353426309819707,20900.0,0.003175037057689728,0.01006266207071666,0.032849952874481794,0.20251433589887938,19000.0,0.00284474476362126
20260301_204447_w60_lp2_seed0_rs_drift_p02,rs_drift,0.02,60.0,2,0,0.010683190911938496,0.040989330171618654,-0.003142001379199653,0.01021070004426889,0.011049523014999682,0.05424872609097927,-0.0044535686300782775,0.010112254215366146,0.1392776448778621,0.1955860581120703,0.028059776222881107,0.0735704946079343,1.5747020833563279,50.0,0.029978590301260807,0.016406659465889525,0.04550645745606795,0.5383569496593248,50.0,0.012340636693861122
20260301_204447_w60_lp2_seed0_rs_drift_p05,rs_drift,0.05,60.0,2,0,0.013708033275167274,0.04795051462715261,-0.007856097192706937,0.01123351739981006,0.015612295105402622,0.06285419845764434,-0.011282143585394727,0.010791524200812197,0.34707349317002456,0.441879357848066,0.0662762067635921,0.13824461233386254,8.785071165940822,50.0,0.07078768365026959,0.03347187834882279,0.0711621256107629,2.2407332803967837,50.0,0.02923011726768483
20260301_204447_w60_lp2_seed0_rs_drift_p08,rs_drift,0.08,60.0,2,0,0.01803250503340679,0.054887215937441614,-0.012534678781468255,0.012963528286128382,0.021728787757014294,0.07147626710274393,-0.01810797308747134,0.012010059452508466,0.5550331529385937,0.6903882797478857,0.10497973903313618,0.20236322896896297,22.04149121493075,50.0,0.10591512049535347,0.05183995537289617,0.09687972334727682,5.374761946127734,50.0,0.044847335287648595
20260301_204447_w60_lp2_seed0_rs_drift_p10,rs_drift,0.1,60.0,2,0,0.021251136404833577,0.05949738305154417,-0.01563384933632143,0.01439421944483427,0.02614915822803659,0.07723331490189442,-0.02265690038644525,0.013055395088375946,0.693693642161448,0.8574798875505181,0.13070134833952746,0.2456629734503326,34.165684915541,50.0,0.12668897633301326,0.06423041965475756,0.11393066429102311,8.251093618052533,50.0,0.05460963860553728
20260301_204447_w60_lp2_seed0_rs_drift_p15,rs_drift,0.15,60.0,2,0,0.029807450630424715,0.07096968242408153,-0.023311516171307778,0.0185757187446425,0.03769567567050709,0.0916564532066596,-0.03402309556240137,0.016229384849949322,1.0403803890133765,1.2750108155270112,0.19452094462650657,0.3515203502524811,75.67679579677687,50.0,0.1713108911345216,0.0952903288951279,0.157331814072126,18.160493561883293,50.0,0.07700552601927817
20260301_204447_w60_lp2_seed0_rs_drift_p20,rs_drift,0.2,60.0,2,0,0.038669089776166767,0.08236083675308103,-0.030887685767645518,0.023264766752246497,0.04955643504567638,0.1061214319778771,-0.045379815546049786,0.019912624022032865,1.3871083925487369,1.692254418559635,0.25758104316750907,0.4540904712219498,132.69598759852434,50.0,0.20778593148609448,0.1262804869695766,0.20071129206855015,31.893522778546817,50.0,0.09691471638472492
20260301_204447_w60_lp2_seed0_rs_drift_p30,rs_drift,0.3,60.0,2,0,0.05661684247880351,0.10487351918681664,-0.04573004513659584,0.03338008124727315,0.07362272108634793,0.1351676956117701,-0.0680613172443179,0.028070663603244148,2.080707860370829,2.5258579891346997,0.38141985785715893,0.6499766126903213,290.9622159355506,50.0,0.26384970195882423,0.1878017724680181,0.2850179359772515,70.5390114842585,50.0,0.1307790163800342
20260301_204447_w60_lp2_seed0_rs_drift_p40,rs_drift,0.4,60.0,2,0,0.07453070616515857,0.12698368152431394,-0.06015037187387146,0.044008623301714164,0.09787445645345953,0.16435282616623648,-0.09069472927801123,0.03679504460179933,2.774564481526796,3.3582475692873217,0.5023459591025805,0.8344767529222312,504.70292525338306,50.0,0.3048991306255908,0.24861674965378613,0.36619418722534647,123.62057641682675,50.0,0.15853061463706564
20260301_204447_w60_lp2_seed0_ld_mismatch_m20,ld_mismatch,-0.2,60.0,2,0,0.010027122791990849,0.03633563436993903,2.0304656491587015e-05,0.010027102233775575,0.010010820718744923,0.04852117653180117,0.00010023849700588572,0.010010318861383517,0.009982570427804614,0.038520201719414615,0.010042389616534348,0.03992961068105805,0.20169917842055382,41700.0,0.0032500334686951576,0.010181983200988485,0.037029384983912526,0.20734556381042343,15900.0,0.0028734950742802822
20260301_204447_w60_lp2_seed0_ld_mismatch_m10,ld_mismatch,-0.1,60.0,2,0,0.010027122791990849,0.03633563436993903,2.0304656491587015e-05,0.010027102233775575,0.010010820718744923,0.04852117653180117,0.00010023849700588572,0.010010318861383517,0.009982570427804614,0.038520201719414615,0.010042389616534348,0.03992961068105805,0.20169917842055382,41700.0,0.0032500334686951576,0.010181983200988485,0.037029384983912526,0.20734556381042343,15900.0,0.0028734950742802822
20260301_204447_w60_lp2_seed0_ld_mismatch_m05,ld_mismatch,-0.05,60.0,2,0,0.010027122791990849,0.03633563436993903,2.0304656491587015e-05,0.010027102233775575,0.010010820718744923,0.04852117653180117,0.00010023849700588572,0.010010318861383517,0.009982570427804614,0.038520201719414615,0.010042389616534348,0.03992961068105805,0.20169917842055382,41700.0,0.0032500334686951576,0.010181983200988485,0.037029384983912526,0.20734556381042343,15900.0,0.0028734950742802822
20260301_204447_w60_lp2_seed0_ld_mismatch_p05,ld_mismatch,0.05,60.0,2,0,0.010027122791990849,0.03633563436993903,2.0304656491587015e-05,0.010027102233775575,0.010010820718744923,0.04852117653180117,0.00010023849700588572,0.010010318861383517,0.009982570427804614,0.038520201719414615,0.010042389616534348,0.03992961068105805,0.20169917842055382,41700.0,0.0032500334686951576,0.010181983200988485,0.037029384983912526,0.20734556381042343,15900.0,0.0028734950742802822
20260301_204447_w60_lp2_seed0_ld_mismatch_p10,ld_mismatch,0.1,60.0,2,0,0.010027122791990849,0.03633563436993903,2.0304656491587015e-05,0.010027102233775575,0.010010820718744923,0.04852117653180117,0.00010023849700588572,0.010010318861383517,0.009982570427804614,0.038520201719414615,0.010042389616534348,0.03992961068105805,0.20169917842055382,41700.0,0.0032500334686951576,0.010181983200988485,0.037029384983912526,0.20734556381042343,15900.0,0.0028734950742802822
20260301_204447_w60_lp2_seed0_ld_mismatch_p20,ld_mismatch,0.2,60.0,2,0,0.010027122791990849,0.03633563436993903,2.0304656491587015e-05,0.010027102233775575,0.010010820718744923,0.04852117653180117,0.00010023849700588572,0.010010318861383517,0.009982570427804614,0.038520201719414615,0.010042389616534348,0.03992961068105805,0.20169917842055382,41700.0,0.0032500334686951576,0.010181983200988485,0.037029384983912526,0.20734556381042343,15900.0,0.0028734950742802822
20260301_204447_w60_lp2_seed1_healthy_r0,healthy,0.0,60.0,2,1,0.010094747856908767,0.038319813752010656,0.00017799970084446084,0.010093178409255603,0.010084278623424103,0.040416804391360736,2.6580310636545756e-06,0.010084278273119954,0.010005248298156804,0.03717130216526954,0.009934287857370152,0.03697891858664182,0.19738015046618412,29050.0,0.003245889816031455,0.010257669121989155,0.03622574393239545,0.2104395516324195,42400.0,0.003049899119176169
20260301_204447_w60_lp2_seed1_healthy_r1,healthy,0.0,60.0,2,1,0.009824477544465407,0.035273564682882785,4.611994344855361e-05,0.009824369291334753,0.00998895822504164,0.03925030336645486,2.0865030959076426e-05,0.0099889364334803,0.009913132671241068,0.03730294684713442,0.009963139122414887,0.03686099898996131,0.19852828234518816,27200.0,0.002836001433811284,0.010167457123732364,0.0379249662251237,0.206754368725872,23350.0,0.003408279239411068
20260301_204447_w60_lp2_seed1_healthy_r2,healthy,0.0,60.0,2,1,0.010149329760759919,0.0362045199771579,8.287964323883506e-05,0.010148991356651338,0.0099001792424854,0.04115379966466685,-1.9718196748133522e-05,0.009900159606089984,0.010008644695536934,0.047153784978320346,0.010321729056239124,0.044752763565075515,0.21307618142082202,11500.0,0.0030772397703474415,0.010079467271749163,0.03559254414800161,0.20319132096452502,36250.0,0.0028229911299771813
20260301_204447_w60_lp2_seed1_rs_drift_p02,rs_drift,0.02,60.0,2,1,0.010697188134028902,0.04299636983852473,-0.0029843063348467796,0.010272475343100228,0.011210260221600345,0.04389259741029435,-0.004551149096020509,0.01024485120154445,0.1391292848272423,0.19229445976255022,0.028178430362332012,0.0686821541096978,1.5880478753695892,50.0,0.031426464952882496,0.016408981469883392,0.049074188905012556,0.5385093457579531,50.0,0.012707644563175234
20260301_204447_w60_lp2_seed1_rs_drift_p05,rs_drift,0.05,60.0,2,1,0.013661326939808921,0.04999621369710683,-0.007698402148354064,0.011285674907535062,0.015826905331980733,0.04907042778435304,-0.01137972405133696,0.010999673308917102,0.34692389753036507,0.44311522511502943,0.06642345349529728,0.13556474370725535,8.82415034848384,50.0,0.0717110283930452,0.033437087822981465,0.07685102249810082,2.2360776841635506,50.0,0.028752393863833645
20260301_204447_w60_lp2_seed1_rs_drift_p08,rs_drift,0.08,60.0,2,1,0.01795362291172953,0.05697694451631108,-0.012376983737115382,0.013005493040548708,0.02195622897822103,0.056391617291157006,-0.018205553553413568,0.012273296654031604,0.554883424719126,0.6938364505718084,0.10513180873097126,0.20171205408464266,22.105394414091055,50.0,0.10638569405098704,0.05179208696599284,0.10422212201918139,5.364840544585932,50.0,0.04359511196242679
20260301_204447_w60_lp2_seed1_rs_drift_p10,rs_drift,0.1,60.0,2,1,0.021159899026517714,0.06161951475628902,-0.015476154291968556,0.014430175852830365,0.02637897968424674,0.06228525441757868,-0.02275448085238748,0.013344818107424083,0.6935439337847564,0.8609280583744408,0.13085418742059163,0.24510772113543267,34.24563673100664,50.0,0.12693719418935692,0.06417716287999363,0.1222488585227965,8.237416470650464,50.0,0.052887884865063746
20260301_204447_w60_lp2_seed1_rs_drift_p15,rs_drift,0.15,60.0,2,1,0.029699661074848182,0.07318376631259582,-0.023153821126954903,0.0186002805135253,0.03792641632744928,0.07810518562130628,-0.0341206760283436,0.01655875970028641,1.0402308524573827,1.278458986350934,0.19467298026967916,0.35121787545040783,75.79513849415778,50.0,0.17114021933786444,0.09522764122303674,0.16656334067044307,18.136607305806816,50.0,0.07425555328093988
20260301_204447_w60_lp2_seed1_rs_drift_p20,rs_drift,0.2,60.0,2,1,0.03855365584976019,0.08468292322792292,-0.030729990723292643,0.02328201128614314,0.04978671074452627,0.09398965690844269,-0.045477396011992015,0.020261367642081335,1.386959098069218,1.6957025893835578,0.2577307608354385,0.45406007019639105,132.85029016162804,50.0,0.20733272733358102,0.12621077515843096,0.2098357624456525,31.858319532184026,50.0,0.09331052547676981
20260301_204447_w60_lp2_seed1_rs_drift_p30,rs_drift,0.3,60.0,2,1,0.056494973603675815,0.1074615106936343,-0.04557235009224297,0.033389263986348505,0.07385241267349886,0.1259507144109282,-0.06815889771026012,0.02843489969419746,2.0805591259213494,2.5293061599586224,0.38156347695623943,0.6505506928825753,291.1813738938693,50.0,0.26307071526198444,0.1877207327236354,0.2937151775013558,70.47814698859713,50.0,0.1258572105502404
20260301_204447_w60_lp2_seed1_rs_drift_p40,rs_drift,0.4,60.0,2,1,0.07440654602982598,0.12990630000332049,-0.05999267682951859,0.04401377987537034,0.09810432280739248,0.1581648702145575,-0.09079230974395346,0.03716469621637024,2.7744163528430157,3.3616957401112444,0.5024828036220307,0.83571039721464,504.9779358717126,50.0,0.3039287485700688,0.24852612205989957,0.37463072009896303,123.5304666922642,50.0,0.15266396425125958
20260301_204447_w60_lp2_seed1_ld_mismatch_m20,ld_mismatch,-0.2,60.0,2,1,0.010094747856908767,0.038319813752010656,0.00017799970084446084,0.010093178409255603,0.010084278623424103,0.040416804391360736,2.6580310636545756e-06,0.010084278273119954,0.010005248298156804,0.03717130216526954,0.009934287857370152,0.03697891858664182,0.19738015046618412,29050.0,0.003245889816031455,0.010257669121989155,0.03622574393239545,0.2104395516324195,42400.0,0.003049899119176169
20260301_204447_w60_lp2_seed1_ld_mismatch_m10,ld_mismatch,-0.1,60.0,2,1,0.010094747856908767,0.038319813752010656,0.00017799970084446084,0.010093178409255603,0.010084278623424103,0.040416804391360736,2.6580310636545756e-06,0.010084278273119954,0.010005248298156804,0.03717130216526954,0.009934287857370152,0.03697891858664182,0.19738015046618412,29050.0,0.003245889816031455,0.010257669121989155,0.03622574393239545,0.2104395516324195,42400.0,0.003049899119176169
20260301_204447_w60_lp2_seed1_ld_mismatch_m05,ld_mismatch,-0.05,60.0,2,1,0.010094747856908767,0.038319813752010656,0.00017799970084446084,0.010093178409255603,0.010084278623424103,0.040416804391360736,2.6580310636545756e-06,0.010084278273119954,0.010005248298156804,0.03717130216526954,0.009934287857370152,0.03697891858664182,0.19738015046618412,29050.0,0.003245889816031455,0.010257669121989155,0.03622574393239545,0.2104395516324195,42400.0,0.003049899119176169
20260301_204447_w60_lp2_seed1_ld_mismatch_p05,ld_mismatch,0.05,60.0,2,1,0.010094747856908767,0.038319813752010656,0.00017799970084446084,0.010093178409255603,0.010084278623424103,0.040416804391360736,2.6580310636545756e-06,0.010084278273119954,0.010005248298156804,0.03717130216526954,0.009934287857370152,0.03697891858664182,0.19738015046618412,29050.0,0.003245889816031455,0.010257669121989155,0.03622574393239545,0.2104395516324195,42400.0,0.003049899119176169
20260301_204447_w60_lp2_seed1_ld_mismatch_p10,ld_mismatch,0.1,60.0,2,1,0.010094747856908767,0.038319813752010656,0.00017799970084446084,0.010093178409255603,0.010084278623424103,0.040416804391360736,2.6580310636545756e-06,0.010084278273119954,0.010005248298156804,0.03717130216526954,0.009934287857370152,0.03697891858664182,0.19738015046618412,29050.0,0.003245889816031455,0.010257669121989155,0.03622574393239545,0.2104395516324195,42400.0,0.003049899119176169
20260301_204447_w60_lp2_seed1_ld_mismatch_p20,ld_mismatch,0.2,60.0,2,1,0.010094747856908767,0.038319813752010656,0.00017799970084446084,0.010093178409255603,0.010084278623424103,0.040416804391360736,2.6580310636545756e-06,0.010084278273119954,0.010005248298156804,0.03717130216526954,0.009934287857370152,0.03697891858664182,0.19738015046618412,29050.0,0.003245889816031455,0.010257669121989155,0.03622574393239545,0.2104395516324195,42400.0,0.003049899119176169
20260301_204447_w60_lp2_seed2_healthy_r0,healthy,0.0,60.0,2,2,0.009879709099846035,0.03744098799620499,-6.279644167642289e-05,0.009879509527526826,0.010048244838839522,0.043012985826781584,-0.000310880844984556,0.010043434544093309,0.01009509243663156,0.04372230280360867,0.010082793466342848,0.038974881823689245,0.20332544816985207,25950.0,0.0029234582591414157,0.00996765947073919,0.03487655625203592,0.19870847064923328,34150.0,0.003217978537309062
20260301_204447_w60_lp2_seed2_healthy_r1,healthy,0.0,60.0,2,2,0.00988857902172854,0.03340358448601055,-0.00011869813309909745,0.00988786659609486,0.00994185361438834,0.03378129753407081,0.00010502838425445962,0.009941298825024193,0.010018482003400601,0.0380549717230636,0.010159684287403636,0.03853580472543072,0.20643836963943268,23950.0,0.0029119423692731115,0.010110134658149831,0.036914101176258644,0.2044296456118448,44750.0,0.0030564018405912705
20260301_204447_w60_lp2_seed2_healthy_r2,healthy,0.0,60.0,2,2,0.010195988260976025,0.04079177943091983,-6.345079455959973e-05,0.010195790828309037,0.010000512671690776,0.04023209154458696,-0.00023088300766273346,0.00999784710492316,0.009950713552554747,0.0343827583613745,0.010009494478478279,0.036487076233723936,0.20037995942937425,22950.0,0.002915348181466888,0.010173028825718923,0.038441512857362185,0.20698103097781628,44700.0,0.0029168942581474368
20260301_204447_w60_lp2_seed2_rs_drift_p02,rs_drift,0.02,60.0,2,2,0.010592410369183161,0.041185404744664034,-0.0032251024773676633,0.010089493121047058,0.011302786916679235,0.04216452993704181,-0.004864687972068719,0.010202343016104938,0.13894659928785508,0.19220724272486223,0.02803009408401423,0.07776365491464388,1.5713723487173792,50.0,0.03003695600881437,0.01617046320114702,0.05081020889666649,0.5229677602792997,50.0,0.011772748672751415
20260301_204447_w60_lp2_seed2_rs_drift_p05,rs_drift,0.05,60.0,2,2,0.01369229481948918,0.04798084155678106,-0.007939198290874947,0.011155629427422665,0.016024377894817386,0.050551757441113176,-0.01169326292738517,0.010956655010857633,0.3467368088451265,0.4416100023376046,0.06623364598603884,0.14522165968849565,8.77379172120784,50.0,0.06917295767991608,0.033278273742606994,0.0785745445119744,2.214887006575772,50.0,0.028667000095183373
20260301_204447_w60_lp2_seed2_rs_drift_p08,rs_drift,0.08,60.0,2,2,0.018061956985619406,0.054739086642780155,-0.012617779879636266,0.01292385086030522,0.022193806704477292,0.05895161634372557,-0.01851909242946178,0.012231446015281781,0.5546952156891083,0.6920367050303398,0.10493251136761826,0.2113850167046598,22.021663883830673,50.0,0.1030089128385867,0.051662781507170054,0.10596144584721082,5.338085986115185,50.0,0.04426964689380972
20260301_204447_w60_lp2_seed2_rs_drift_p10,rs_drift,0.1,60.0,2,2,0.0212994490728836,0.05922311858549545,-0.015716950434489438,0.014375117385543824,0.02662958910254069,0.06455825356370468,-0.023068019728435692,0.013304190376669137,0.6933553237592825,0.8589317319356837,0.13065189998115392,0.25479371012538365,34.13983793737089,50.0,0.12311480792988976,0.06405857726228609,0.12401369848645233,8.207002641736551,50.0,0.0540178080218456
20260301_204447_w60_lp2_seed2_rs_drift_p15,rs_drift,0.15,60.0,2,2,0.029883242698445587,0.07035461145230881,-0.02339461726947579,0.018593011509407148,0.03819255393401574,0.07988011419204785,-0.034434214904391816,0.01652138069051318,1.0400416349323125,1.275970393099179,0.19446699463049025,0.3609446038105055,75.63482400123024,50.0,0.16648396547867325,0.09512420954002163,0.16844134181912457,18.097230481227882,50.0,0.07637296394627355
20260301_204447_w60_lp2_seed2_rs_drift_p20,rs_drift,0.2,60.0,2,2,0.038759129482574824,0.08136801852009601,-0.03097078686581352,0.023304087177131685,0.05005923390940168,0.09565667265547084,-0.04579093488804022,0.020226645339142407,1.3867694949373979,1.6929440502035078,0.25752323578982844,0.46383919029702847,132.63643394332715,50.0,0.202124841705691,0.12611554109841602,0.21189252592795726,31.810259413092517,50.0,0.09623977411660779
20260301_204447_w60_lp2_seed2_rs_drift_p30,rs_drift,0.3,60.0,2,2,0.056720920316182186,0.10301240558030811,-0.045813146234763846,0.03344276354589782,0.0741298033043114,0.12740045042271475,-0.06847243658630835,0.028403400603974904,2.0803689668058007,2.5273705914238462,0.3813551535533746,0.6604690392554495,290.86350628343587,50.0,0.2572298319529431,0.1876347778882232,0.29599673261318327,70.4136197463257,50.0,0.13002689401232878
20260301_204447_w60_lp2_seed2_rs_drift_p40,rs_drift,0.4,60.0,2,2,0.07464140460547639,0.12410225423493282,-0.060233472972039466,0.044082513712412355,0.0983832088622419,0.15939467448543926,-0.09110584862000164,0.037134621760034875,2.7742257393273198,3.3605869664549175,0.5022749861907556,0.845812326456389,504.56032350584746,50.0,0.29782575068126116,0.2484459121377416,0.376572627556736,123.45074251590883,50.0,0.15772093022462663
20260301_204447_w60_lp2_seed2_ld_mismatch_m20,ld_mismatch,-0.2,60.0,2,2,0.009879709099846035,0.03744098799620499,-6.279644167642289e-05,0.009879509527526826,0.010048244838839522,0.043012985826781584,-0.000310880844984556,0.010043434544093309,0.01009509243663156,0.04372230280360867,0.010082793466342848,0.038974881823689245,0.20332544816985207,25950.0,0.0029234582591414157,0.00996765947073919,0.03487655625203592,0.19870847064923328,34150.0,0.003217978537309062
20260301_204447_w60_lp2_seed2_ld_mismatch_m10,ld_mismatch,-0.1,60.0,2,2,0.009879709099846035,0.03744098799620499,-6.279644167642289e-05,0.009879509527526826,0.010048244838839522,0.043012985826781584,-0.000310880844984556,0.010043434544093309,0.01009509243663156,0.04372230280360867,0.010082793466342848,0.038974881823689245,0.20332544816985207,25950.0,0.0029234582591414157,0.00996765947073919,0.03487655625203592,0.19870847064923328,34150.0,0.003217978537309062
20260301_204447_w60_lp2_seed2_ld_mismatch_m05,ld_mismatch,-0.05,60.0,2,2,0.009879709099846035,0.03744098799620499,-6.279644167642289e-05,0.009879509527526826,0.010048244838839522,0.043012985826781584,-0.000310880844984556,0.010043434544093309,0.01009509243663156,0.04372230280360867,0.010082793466342848,0.038974881823689245,0.20332544816985207,25950.0,0.0029234582591414157,0.00996765947073919,0.03487655625203592,0.19870847064923328,34150.0,0.003217978537309062
20260301_204447_w60_lp2_seed2_ld_mismatch_p05,ld_mismatch,0.05,60.0,2,2,0.009879709099846035,0.03744098799620499,-6.279644167642289e-05,0.009879509527526826,0.010048244838839522,0.043012985826781584,-0.000310880844984556,0.010043434544093309,0.01009509243663156,0.04372230280360867,0.010082793466342848,0.038974881823689245,0.20332544816985207,25950.0,0.0029234582591414157,0.00996765947073919,0.03487655625203592,0.19870847064923328,34150.0,0.003217978537309062
20260301_204447_w60_lp2_seed2_ld_mismatch_p10,ld_mismatch,0.1,60.0,2,2,0.009879709099846035,0.03744098799620499,-6.279644167642289e-05,0.009879509527526826,0.010048244838839522,0.043012985826781584,-0.000310880844984556,0.010043434544093309,0.01009509243663156,0.04372230280360867,0.010082793466342848,0.038974881823689245,0.20332544816985207,25950.0,0.0029234582591414157,0.00996765947073919,0.03487655625203592,0.19870847064923328,34150.0,0.003217978537309062
20260301_204447_w60_lp2_seed2_ld_mismatch_p20,ld_mismatch,0.2,60.0,2,2,0.009879709099846035,0.03744098799620499,-6.279644167642289e-05,0.009879509527526826,0.010048244838839522,0.043012985826781584,-0.000310880844984556,0.010043434544093309,0.01009509243663156,0.04372230280360867,0.010082793466342848,0.038974881823689245,0.20332544816985207,25950.0,0.0029234582591414157,0.00996765947073919,0.03487655625203592,0.19870847064923328,34150.0,0.003217978537309062
